Time [s],Height [m],Velocity [m/s],Thrust [kg],Throttle [%]
0.0,0.162,0.0,1.0601091692917217,100
0.01001001001001001,0.16203562897671453,0.007175916873451778,1.0108165024553952,82.82759999999999
0.02002002002002002,0.16214323738116715,0.014261581843867506,1.0110132695706828,82.84139999999998
0.03003003003003003,0.16232141338889122,0.02130961392297903,1.0111989766636467,82.85443371637709
0.04004004004004004,0.1625684907543979,0.02805832293398215,1.011422094321829,82.87010517972254
0.050050050050050046,0.16288195774598466,0.03449732700030117,1.0116739700649326,82.88781252556574
0.06006006006006006,0.1632594903071819,0.0409074674631385,1.0118057790296617,82.89708571867371
0.07007007007007007,0.16369778931388215,0.04658100100422284,1.011894247372677,82.90331237393117
0.08008008008008008,0.16419367337429744,0.052415574973816464,1.012153233732789,82.92155269742281
0.09009009009009009,0.16474308364550463,0.05731261907591102,1.0123566136847728,82.93588939270208
0.10010010010010009,0.165342253906499,0.06225587929961631,1.01242711262465,82.94086163560287
0.11011011011011011,0.16598628886655362,0.06648544711084327,1.012737428053017,82.96276406588399
0.12012012012012012,0.16667118592099192,0.07011715656727013,1.012921926612964,82.9757986694886
0.13013013013013014,0.16739135157472596,0.07382407717704953,1.0131593100702436,82.99258328041638
0.14014014014014015,0.16814241231746677,0.07606913163098106,1.0132193128875184,82.99682834217886
0.15015015015015015,0.16891899225751736,0.07878837255339535,1.0134497570270116,83.01314098840157
0.16016016016016016,0.16971570147283005,0.08062242083763549,1.0132301257496337,82.99759343307477
0.17017017017017017,0.17052794742228986,0.08135123460943662,1.0138119263535375,83.03880797145217
0.18018018018018017,0.17135007768358337,0.08258129039646991,1.0139699062342293,83.05001548729823
0.19019019019019018,0.17217701312838232,0.0829371590325672,1.0142953546881819,83.0731257415875
0.20020020020020018,0.17300423347468602,0.08218649209077296,1.0141203134668477,83.06069227811655
0.21021021021021022,0.1738268044852145,0.08166074321914897,1.0144308110432916,83.08275335705679
0.22022022022022023,0.1746398049224416,0.08089553759818038,1.0135746827634502,83.02199036639334
0.23023023023023023,0.17543921024468756,0.07910854988100745,1.0147664048159317,83.10662820272904
0.24024024024024024,0.1762211947163712,0.07675385692431123,1.014867274757413,83.11381055915372
0.2502502502502503,0.17698166623148903,0.07476701448230584,1.0153705339707377,83.14968817216194
0.2602602602602603,0.17771721473395763,0.07240583425225013,1.0147877423203058,83.10814727941452
0.2702702702702703,0.1784250554197524,0.06929185238851902,1.0152604845656412,83.14183648391304
0.2802802802802803,0.17910273510962785,0.06580564234605495,1.0133770861662246,83.00799518700552
0.2902902902902903,0.1797477897833832,0.06268706768700433,1.015579579539609,83.16461254956731
0.3003003003003003,0.1803583732387926,0.05943931443510761,1.0155855486487317,83.16503888722033
0.3103103103103103,0.18093328360824315,0.05571889446554392,1.016339833448521,83.21899630608225
0.3203203203203203,0.1814716933355,0.051739129206490625,1.0152176737005427,83.13878300080076
0.3303303303303303,0.18197295442095013,0.048095133535852,1.0159337483808522,83.18992658775997
0.34034034034034033,0.18243677336610103,0.044608667033925985,1.0127291948402692,82.96218261649689
0.35035035035035034,0.182863529528314,0.04090955610755864,1.016259832018432,83.21326556104427
0.36036036036036034,0.1832539336077258,0.037098333972898176,1.016140582913854,83.20472686950902
0.37037037037037035,0.18360889988895898,0.03362459500389971,1.0171765343769195,83.27904496451737
0.38038038038038036,0.18392953731109735,0.030458590001731244,1.0154529675608455,83.15557184190466
0.39039039039039036,0.18421750841949808,0.027267236323124364,1.016467606310552,83.2281529642968
0.40040040040040037,0.18447471269458507,0.024130457527609915,1.0117914709282478,82.89607887116844
0.41041041041041043,0.18470313265201846,0.02141406064442723,1.0168213375855881,83.25352772669254
0.42042042042042044,0.18490491123340558,0.018981065545193326,1.0165623468989335,83.23494551586965
0.43043043043043044,0.185082535430451,0.016624205173457078,1.0178821680364836,83.32984957722964
0.44044044044044045,0.18523857065552018,0.014524744887004969,1.0155424373443684,83.16195993698268
0.45045045045045046,0.18537550545531234,0.012851447530738634,1.0168822346802775,83.25789989134985
0.46046046046046046,0.18549605165758112,0.011336014915669566,1.0106945585292453,82.81905274978631
0.47047047047047047,0.1856029681098327,0.010035808692598024,1.017274414598498,83.2860832654191
0.4804804804804805,0.18569885890340437,0.009143470549780961,1.0168744192579497,83.25733871411745
0.4904904904904905,0.18578640552775014,0.00842922239463932,1.0184705460400587,83.37232724025282
0.5005005005005005,0.1858682716039342,0.007940382303166063,1.01552070295902,83.16040790074673
0.5105105105105106,0.18594690497197136,0.007806387330133516,1.0171925070655214,83.28019332158902
0.5205205205205206,0.18602477416840252,0.007814334339829651,1.0095132791275954,82.73645601093264
0.5305305305305306,0.1861042344908473,0.008066865154243529,1.01762618879097,83.31140210884611
0.5405405405405406,0.18618738004180757,0.008596285367428638,1.0170906458856908,83.27287131437275
0.5505505505505506,0.18627629353184372,0.00919997128644343,1.0189539996275159,83.40730935748644
0.5605605605605606,0.18637282865564475,0.010085517909578198,1.0154071419699193,83.15230081391684
0.5705705705705706,0.1864786080984865,0.011114187722825858,1.0174075136098581,83.2956586565634
0.5805805805805806,0.18659524522470847,0.012177495524424117,1.0082798185916808,82.65059353893768
0.5905905905905906,0.1867239769078885,0.013546615306132593,1.0178818388691442,83.32982584263826
0.6006006006006006,0.18686596623726118,0.014884194747824984,1.0172181082657832,83.28203407993922
0.6106106106106106,0.1870222674102994,0.016299429793276136,1.0193403510543613,83.43531730304375
0.6206206206206206,0.18719349971092528,0.017945949446387183,1.015211090018773,83.13831346669829
0.6306306306306306,0.18738034861369976,0.019419289103607813,1.017532508284699,83.30465584814102
0.6406406406406406,0.18758326522263005,0.021050366073864898,1.0070029913721859,82.56211481498845
0.6506506506506506,0.18780231055328858,0.022780854182925626,1.0180452816655656,83.34161492024626
0.6606606606606606,0.18803769660111003,0.024241324955702463,1.0172603193073217,83.28506953467846
0.6706706706706707,0.18828928910584886,0.025929903178272876,1.01963418509067,83.45664953318847
0.6806806806806807,0.18855667639764354,0.027586320962433342,1.0149366524941488,83.11875222478807
0.6906906906906907,0.18883963478782187,0.028906518434656036,1.0175706956025583,83.30740553123512
0.7007007007007007,0.18913753119502413,0.030492604592049798,1.0056817167683925,82.47097706115201
0.7107107107107107,0.1894495634761115,0.03196206913246586,1.0181196230205896,83.346979824993
0.7207207207207207,0.1897751430279796,0.03303704140557804,1.0172192458417404,83.2821158776216
0.7307307307307307,0.1901132857449112,0.034373065828772385,1.0198383988018318,83.47149133358593
0.7407407407407407,0.19046286422458347,0.03558915780106089,1.0145856859416544,83.09376751215666
0.7507507507507507,0.19082302215491675,0.03635165295058316,1.0175243387650583,83.3040676577461
0.7607607607607607,0.19119260423288495,0.03730297187310437,1.0043121719943326,82.37695080689068
0.7707707707707707,0.19157022460211168,0.038235197104787816,1.0181074732346163,83.34610291074543
0.7807807807807807,0.19195486406891865,0.03867821458315811,1.0170963438039275,83.27328081158724
0.7907907907907907,0.19234536037937774,0.039130188822439314,1.0199551554833381,83.47998285972417
0.8008008008008007,0.1927401866714681,0.03975379075400987,1.0141593236900057,83.06346249108987
0.8108108108108109,0.19313824100757562,0.03993279376616491,1.0173953376817233,83.29478247682187
0.8208208208208209,0.19353845279743745,0.03985473483059558,1.002890891143272,82.27983557527891
0.8308308308308309,0.1939393775906153,0.04009547842768106,1.018011156577812,83.33915281829721
0.8408408408408409,0.1943398499406791,0.04008543330826494,1.016893013260821,83.25867386444439
0.8508508508508509,0.1947389086924651,0.03965321626737176,1.019986353349787,83.48225256009735
0.8608608608608609,0.19513547677345344,0.03935080211576525,1.013658647941415,83.02794065481417
0.8708708708708709,0.19552831219044178,0.03916241664270887,1.0171854969950758,83.27968932291277
0.8808808808808809,0.19591661453110784,0.038587229818999674,1.0014157747373509,82.17952781730659
0.8908908908908909,0.1962996558063364,0.03779266997319574,1.017832841746643,83.32629327417929
0.9009009009009009,0.1966764571099449,0.03732221503902665,1.0166107633113792,83.23841781679269
0.9109109109109109,0.19704629807576435,0.03671662095623339,1.0199338264260465,83.47843131000413
0.9209209209209209,0.1974087186870401,0.035764075338419896,1.0130849318938107,82.98732257323142
0.9309309309309309,0.19776325736252512,0.03487505064601999,1.0168966357540254,83.25893399107034
0.9409409409409409,0.19810927230294323,0.03422506522798423,0.9998861806961227,82.07602478415282
0.950950950950951,0.19844653984805602,0.03333127506016976,1.0175746188928296,83.30768805316526
0.960960960960961,0.19877495847168047,0.03222764948709451,1.0162512482208745,83.21265078915708
0.970970970970971,0.1990943033016074,0.03141017190235513,1.0197994195482947,83.46865739328035
0.980980980980981,0.199404421932252,0.030639516004619883,1.0124396894518761,82.94174881278333
0.990990990990991,0.19970548272982924,0.029624975861823857,1.0165306233952949,83.23267076268954
1.001001001001001,0.19999768973859267,0.02862144983762258,0.998302686171402,81.96940603151046
1.011011011011011,0.2002810537692772,0.027929404273976274,1.0172385432085522,83.28350351855318
1.021021021021021,0.2005558943773626,0.027127000665831763,1.0158162542384146,83.18152471497051
1.031031031031031,0.20082266251068723,0.02616824478010243,1.0195850100988741,83.45307756334768
1.0410410410410411,0.20108171934087352,0.025461702398566717,1.011724650842999,82.89137753300679
1.0510510510510511,0.2013333903838253,0.024885560264001138,1.016089384651764,83.20106215555315
1.0610610610610611,0.20157828271842257,0.024146166273136257,0.9966667822709643,81.85981086474126
1.0710710710710711,0.20181700712171283,0.023449483915861713,1.016826658705979,83.25390971769687
1.0810810810810811,0.20204996697007935,0.023055815052584864,1.0153076727284496,83.14520278807795
1.0910910910910911,0.2022777976954015,0.022588242199811644,1.0192925096207839,83.43184659147168
1.1011011011011012,0.20250121243789593,0.022025569024909805,1.0109417177982791,82.83638062828977
1.1111111111111112,0.20272076506353812,0.02174608197500381,1.0155748933437512,83.16427784993493
1.1211211211211212,0.20293700190311623,0.02154217878662485,0.9949806016192985,81.74741856959102
1.1311311311311312,0.2031506500463701,0.02120165761172868,1.0163410107668882,83.2190806549975
1.1411411411411412,0.20336235796594737,0.021000211094663445,1.014727473885044,83.10385693467909
1.1511511511511512,0.20357257305580967,0.021018823024757185,1.0189238592900718,83.40512633000768
1.1611611611611612,0.2037819542778117,0.020916798850146228,1.0100929199924535,82.77693998572799
1.1711711711711712,0.20399114464826665,0.020804135608192414,1.0149891637111141,83.1224934291277
1.1811811811811812,0.20420052952882362,0.020982623413912674,0.9932467059252449,81.63243318123224
1.1911911911911912,0.20441061565538513,0.021100617412906263,1.0157836525712274,83.17919411838673
1.2012012012012012,0.20462196170977862,0.021099880739148244,1.0140776856169895,83.05766565752965
1.2112112112112112,0.20483491482040894,0.02135893977182713,1.0184810246500597,83.37308469707378
1.2212212212212212,0.20504976848572043,0.021653758827303804,1.0091803797592844,82.71324437187288
1.2312312312312312,0.20526696245410042,0.021772548400509312,1.0143342426162851,83.075889186688
1.2412412412412412,0.2054867955219721,0.022046246996845792,0.9914679316538099,81.51507254393813
1.2512512512512513,0.2057093549597805,0.02246382410981954,1.0151566483285286,83.13443127873249
1.2612612612612613,0.20593493614162842,0.0226840016240728,1.0133603781712672,83.00681230590058
1.2712712712712713,0.20616376074312312,0.022930327261995006,1.0179659913897847,83.33589472468277
1.2812812812812813,0.20639575455600828,0.023410048314819413,1.008206285934152,82.64548701505063
1.2912912912912913,0.20663104517376543,0.02370731616847767,1.013612203577516,83.02464907933837
1.3013013013013013,0.2068697625679815,0.023900468898335265,0.9896472826540532,81.39556080197546
1.3113113113113113,0.20711172831316324,0.024373524953144512,1.0144620749262248,83.08497618674352
1.3213213213213213,0.20735688625567972,0.024722245631163747,1.0125776536328694,82.95148371826268
1.3313313313313313,0.20760526631272802,0.024864851087691577,1.0173807625156002,83.29373370642685
1.3413413413413413,0.20785666379554735,0.025249112410058783,1.0071728754634317,82.57386378877779
1.3513513513513513,0.20811082376475326,0.02562133216302344,1.012825142625281,82.96895983275607
1.3613613613613613,0.20836768682188606,0.02573324086968674,0.9877878575603437,81.27412341750669
1.3713713713713713,0.2086270647771871,0.025957079583553543,1.013702022850491,83.03101523638607
1.3813813813813813,0.20888854522943262,0.026316742691388964,1.0117316391184674,82.89186915909528
1.3913913913913913,0.20915198559877946,0.026416031053512458,1.0167273567564172,83.24678244225092
1.4014014014014013,0.2094172153361709,0.02645424185760403,1.0060824209204609,82.49857186443145
1.4114114114114114,0.2096837663457175,0.026747816082313348,1.0119751756457063,82.909010182093
1.4214214214214214,0.20995139773708138,0.02685042826970452,0.9858928016434277,81.15098396057127
1.4314314314314314,0.21021994359697993,0.02674364493290558,1.012878596808155,82.97273663193663
1.4414414414414414,0.21048901052017474,0.0268892181463653,1.0108244825821178,82.828159476752
1.4514514514514514,0.2107582301241988,0.026996715268544906,1.0160078079097363,83.195224566827
1.4614614614614614,0.21102743951806457,0.02683500394638412,1.0049372222269928,82.41980871183274
1.4714714714714714,0.2112963898518465,0.026758363825613907,1.011064436816714,82.8449902235725
1.4814814814814814,0.21156462283779243,0.026844436999864957,0.9839652752659143,81.02636210197181
1.4914914914914914,0.21183197288133432,0.02668801074919715,1.0119939162440703,82.91032987785182
1.5015015015015014,0.21209829680620634,0.02641657998176145,1.0098583503738576,82.76054642412775
1.5115115115115114,0.21236319595727574,0.026420102357650802,1.0152241648410871,83.13924594725029
1.5215215215215214,0.21262645752055898,0.026299502966987524,1.0037396012313178,82.33777135102157
1.5315315315315314,0.2128880020603555,0.025950078706430287,1.01009507778666,82.77709085558722
1.5415415415415414,0.2131476230171566,0.025787224164212134,0.9820084333351441,80.90047240408202
1.5515515515515514,0.21340502444534545,0.025698666357923564,1.0110501158237095,82.84398530060496
1.5615615615615615,0.21366018464615452,0.0253686396216622,1.0088354259165895,82.68922209905719
1.5715715715715715,0.21391306366703708,0.02503460020155054,1.0143784918977865,83.07903413826082
1.5815815815815815,0.21416338846882452,0.024942021736845444,1.0024918981490991,82.25265578345403
1.5915915915915915,0.21441114604300304,0.02468131681920344,1.009069267315684,82.7055032918925
1.6016016016016015,0.214656400384897,0.024262761162504365,0.9800254119016759,80.77352363182166
1.6116116116116117,0.2148990245746163,0.024104382102057953,1.0100493458891275,82.77389360624402
1.6216216216216217,0.21513895426453342,0.023926459508739804,1.0077579090508295,82.61437847383401
1.6316316316316317,0.21537631763849982,0.02353675068444458,1.0134728695514184,83.01477788612067
1.6416416416416417,0.215611170323638,0.023267034323631853,1.0011964691665562,82.16465655149733
1.6516516516516517,0.21584340454526124,0.023155622131497477,1.0079891911696492,82.63041863367371
1.6616616616616617,0.21607318229031236,0.022852545517791388,0.9780193193318145,80.6457183981331
1.6716716716716717,0.21630067554747262,0.02250650382872964,1.0089937728664402,82.7002454743922
1.6816816816816818,0.21652582557865865,0.022423532683612336,1.0066280157374692,82.53620699266705
1.6916916916916918,0.21674876837324952,0.02223046610212513,1.0125093951303086,82.94666667477432
1.7017017017017018,0.21696973164571265,0.02188649733800665,0.9998556847272323,82.07396639060676
1.7117117117117118,0.21718877750515475,0.021779165914769735,1.0068570521134637,82.55202749065242
1.7217217217217218,0.21740596336246115,0.02169358107313575,0.9759932303718751,80.5172530219437
1.7317317317317318,0.2176215403150333,0.021420091058396453,1.0078855795930575,82.6232311879042
1.7417417417417418,0.21783568173717066,0.02125997792171965,1.0054479779085894,82.45489822244197
1.7517517517517518,0.21804838521474165,0.021260344407392964,1.0114901835391759,82.8748903096954
1.7617617617617618,0.2182598887151598,0.021086567902447065,0.9984719281832022,81.98077594968265
1.7717717717717718,0.21847042356096316,0.020889869555142188,1.0056750698942876,82.47051964389235
1.7817817817817818,0.21867998475684064,0.020940423369196926,0.9739501820228572,80.38831751943871
1.7917917917917918,0.21888875085020434,0.02087412003950065,1.0067269655310618,82.5430402965647
1.8018018018018018,0.21909696539404244,0.020680304964182515,1.0042200433268957,82.370641546683
1.8118118118118118,0.21930466993636227,0.02073360902710726,1.0104173678913508,82.79963853608461
1.8218218218218218,0.21951194355022854,0.02076642286434747,0.9970475946011875,81.88527356270156
1.8318318318318318,0.21971901157693147,0.02062070292577405,1.0044454811385244,82.3860837447949
1.8418418418418419,0.21992598133691033,0.020631235285760427,0.9718931705380837,80.2590956775797
1.8518518518518519,0.22013282413910906,0.020742019081485416,1.0055201468359545,82.45986131278703
1.8618618618618619,0.22033973011105087,0.02066372127431732,1.0029464753620565,82.2836248955557
1.8718718718718719,0.22054683941411823,0.020619212186773393,1.0092930999990979,82.72110068881629
1.8818818818818819,0.22075406284944352,0.02077563621149622,0.9955850895896963,81.78764505989001
1.8918918918918919,0.22096152415940196,0.020770145309715025,1.0031705391098884,82.29890704595853
1.901901901901902,0.2211693673030458,0.020681130897091074,0.969825149110939,80.12976517698749
1.911911911911912,0.22137749356246172,0.020841083849063993,1.0042673562557447,82.37388143716035
1.921921921921922,0.22158593426472112,0.02090348206353559,1.0016295526251895,82.19403450669229
1.931931931931932,0.22179481281518273,0.020801399100693358,1.0081195506833052,82.63946537201419
1.941941941941942,0.22200407302891823,0.02091417927255583,0.9940868280628249,81.68807361010545
1.951951951951952,0.22221363055398127,0.021030960853432836,1.0018525132936933,82.20917516043345
1.961961961961962,0.22242358142185004,0.0209458425734783,0.967749025982802,80.00049774302694
1.971971971971972,0.22263392095406742,0.020975322401972762,1.0029708428405326,82.28528631158277
1.981981981981982,0.22284447373781402,0.02112469172423688,1.0002715684248091,82.10205471285113
1.991991991991992,0.22305529749536043,0.021072505544293203,1.0068989098750345,82.55492016636465
2.002002002002002,0.2232664209766537,0.02101234689823027,0.9925552328905448,81.58673958838722
2.012012012012012,0.22347763400181292,0.02116363229502088,1.0004936887850229,82.11707184642619
2.022022022022022,0.22368893587517166,0.021152966507513606,0.9656676628024595,79.8714593113268
2.032032032032032,0.22390037025904813,0.0210226738543375,1.0016328714482372,82.1942597977573
2.042042042042042,0.22411175254261387,0.021135430140036715,0.9988748300232211,82.00786775325801
2.052052052052052,0.22432300237278424,0.021166562589329405,1.005633386490922,82.46765136243553
2.062062062062062,0.22453416058484366,0.021010840053087298,0.990992733406505,81.48382046411155
2.0720720720720722,0.22474512318726322,0.021037749338170396,0.9990963654683,82.02277881493269
2.0820820820820822,0.22495571527917899,0.02110108629181383,0.9635838731322327,79.74281019870517
2.0920920920920922,0.22516597516740347,0.02095488769874319,1.0002557220383161,82.10098377889875
2.1021021021021022,0.2253758735487302,0.02087814065790245,0.997441657682423,81.9116536059512
2.1121121121121122,0.2255851887137931,0.020954554347382935,1.0043252080709606,82.37784371829491
2.1221221221221223,0.2257939398453736,0.020839329004959727,0.9894017637600494,81.37949070623634
2.1321321321321323,0.22600215104716595,0.020672539658624187,0.9976628569825718,81.92647555801709
2.1421421421421423,0.2262096137183095,0.020734280049621346,0.9615004210359582,79.61470527354169
2.1521521521521523,0.22641630609929053,0.020661134400944806,0.998841688748708,82.00563798255108
2.1621621621621623,0.22662228364830794,0.02044301633664905,0.9959743834967092,81.81358983886413
2.1721721721721723,0.22682740718137231,0.020455114424239952,1.0029766201735586,82.2856802397938
2.1821821821821823,0.22703159230992626,0.020425142800544048,0.9877847611082176,81.27392170279548
2.1921921921921923,0.22723491075018754,0.020205426544294858,0.9961954894726776,81.82833919568338
2.2022022022022023,0.22743732245763107,0.020137203741783846,0.9594200197083789,79.48729412158207
2.2122122122122123,0.2276386805992285,0.02014249927455361,0.9973930787566008,81.90839982253175
2.2222222222222223,0.22783906685342065,0.019950567320432426,0.9944753500144473,81.71385147760827
2.2322322322322323,0.22803851754491636,0.019803434502642735,1.0015898855267578,82.1913419818619
2.2422422422422423,0.22823687061690126,0.01982858445341491,0.9861441636507897,81.16728169233106
2.2522522522522523,0.22843419535376197,0.019682027134206283,0.9946966001303273,81.72854433943739
2.2622622622622623,0.22863058021290028,0.01947696050204482,0.9573453301211633,79.36072120449546
2.2722722722722724,0.22882589096517134,0.01950074802722541,0.9959122109264534,81.8094442581156
2.2822822822822824,0.2290201627682978,0.019407402706648525,0.9929469086551588,81.61261088811044
2.2922922922922924,0.22921351325582365,0.019179154106195535,1.000167282939372,82.09500786923273
2.3023023023023024,0.22940587252317232,0.01917618510115052,0.984482408515343,81.05973570529281
2.3123123123123124,0.22959722162467477,0.019135767596980654,0.993168535532827,81.62726297080411
2.3223223223223224,0.22978769070242294,0.01892209961129521,0.9552789596708819,79.23512600939206
2.3323323323323324,0.22997729069583359,0.01887023085003012,0.9944014142520352,81.70894366868767
2.3423423423423424,0.23016594434674512,0.01887597540840466,0.9913914179318094,81.51003767245426
2.3523523523523524,0.23035378567168474,0.018697363923513406,0.9987111059780482,81.99685453499734
2.3623623623623624,0.2305408854163615,0.01859523131590003,0.9828019295027296,80.95144551375355
2.3723723723723724,0.23072713803933514,0.018635343399211326,0.9916136497898504,81.52466433318973
2.3823823823823824,0.23091266244011088,0.018503198684688877,0.9532234608203647,79.11064318814034
2.3923923923923924,0.23109756853529517,0.018360020599749994,0.992863026101902,81.60706774220797
2.4024024024024024,0.2312817498532077,0.018418837258792356,0.9898112414897993,81.40629857638294
2.4124124124124124,0.23146529277727154,0.01833780198478444,0.9972236614198399,81.89705617547725
2.4224224224224224,0.23164832809161676,0.01816993214497,0.9811051547055949,80.84256958801946
2.4324324324324325,0.23183077219369425,0.018228771063752487,0.990034302509847,81.42091483556614
2.4424424424424425,0.23201266365178008,0.01819814694032652,0.9511813297302226,78.98740268581345
2.4524524524524525,0.2321941380209336,0.01802721049974145,0.991299390279498,81.50398337595259
2.4624624624624625,0.23237515587330299,0.018064954014947343,0.988208745976269,81.30155740707833
2.4724724724724725,0.23255569455359473,0.018079840714131025,0.9957072674914925,81.79578441992102
2.4824824824824825,0.23273588490453953,0.01792556818852724,0.9793945040134542,80.73326305889464
2.4924924924924925,0.2329157376025758,0.017925166735869625,0.9884328566007504,81.31617796665343
2.5025025025025025,0.2330951708254188,0.017977332327320673,0.949155004879187,78.86552985789379
2.5125125125125125,0.23327430453869855,0.01784926030252721,0.9897128549109511,81.39985458810177
2.5225225225225225,0.23345318618490454,0.017805831940432497,0.9865862987544306,81.19597495993938
2.5325325325325325,0.23363169666507713,0.017884368446920068,0.994164251909054,81.69320821363412
2.5425425425425425,0.2338099336343136,0.017787933804477237,0.9776723865192674,80.62367768455415
2.5525525525525525,0.23398796964507848,0.017702749032019433,0.9868116759193084,81.21061421830696
2.5625625625625625,0.23416566933324653,0.017794582139542235,0.9471468656751805,78.74514557617034
2.5725725725725725,0.23434309809265336,0.017731983624862935,0.9881057701751927,81.29484243889296
2.5825825825825826,0.23452034347082612,0.01761178136918139,0.9849462654786556,81.0897089532094
2.5925925925925926,0.2346972741154411,0.017702103927559224,0.9925969497323097,81.5894937131846
2.6026026026026026,0.2348739145071123,0.017672894937419012,0.9759411978425475,80.51396182111054
2.6126126126126126,0.2350503583404235,0.017529412344485112,0.9851731227852337,81.10438101698446
2.6226226226226226,0.23522649788983785,0.01760210118912735,0.9451592310603542,78.62636632346461
2.6326326326326326,0.23540230918438385,0.01760363993848714,0.9864804858913878,81.18910496013122
2.6426426426426426,0.23557788439415944,0.01745297634691886,0.9832910075465209,80.98291396940527
2.6526526526526526,0.23575315784710105,0.0174911763034905,0.9910077010500699,81.48480419243677
2.6626626626626626,0.23592805095674318,0.01751899621645266,0.97420331738482,80.40426039611754
2.6726726726726726,0.23610265284582826,0.017373677064516427,0.9835195553762774,80.9976326622382
2.6826826826826826,0.2362769410541156,0.017367582433949914,0.9431943581146838,78.50930427748662
2.6926926926926926,0.236450793300006,0.01741573368213025,0.9848393489799323,81.08279709198979
2.7027027027027026,0.23662429187305076,0.017283361767996972,0.9816228794444041,80.87574140261508
2.7127127127127126,0.23679745016630882,0.017231245354769453,0.9893988485130628,81.37929995824268
2.7227227227227226,0.23697012103550485,0.01729264116095623,0.9724611055323424,80.29471488432779
2.7327327327327327,0.23714237375719538,0.01717863663135182,0.9818533250213839,80.8905202713314
2.7427427427427427,0.23731425064912653,0.01708360705816857,0.9412544406631658,78.39406738422295
2.7527527527527527,0.23748559708536432,0.017150388838029083,0.9831847008134632,80.9760706261345
2.7627627627627627,0.23765646373605107,0.01705820081779407,0.9799442260035325,80.76833941083132
2.7727727727727727,0.2378269153106777,0.016927328775726343,0.9877727347316206,81.27313827469075
2.7827827827827827,0.23799680530154052,0.016991245806193565,0.9707169008220021,80.18546328519818
2.7927927927927927,0.23816616077079555,0.01692258221731495,0.980176773408138,80.7831917291034
2.8028028028028027,0.238335062691496,0.016765904801830545,0.9393416078933453,78.28075942141673
2.8128128128128127,0.23850338621116118,0.016818690037691847,0.9815188744745467,80.86907415430515
2.8228228228228227,0.23867113039983573,0.01677377493989297,0.9782573795830857,80.66085287258413
2.8328328328328327,0.2388383868046271,0.016603242709493385,0.9861316995555905,81.16647329491477
2.8428428428428427,0.23900506351155534,0.016636958880418995,0.9689730170848762,80.07664010166057
2.8528528528528527,0.23917112786054043,0.016614811324772553,0.9784922297216457,80.67579164237368
2.8628628628628627,0.23933667700254985,0.016442994502615316,0.9374579229895678,78.16948005273184
2.8728728728728727,0.23950166020314087,0.016450590679262824,0.9798441919365947,80.76195302157203
2.8828828828828827,0.2396660107129795,0.016449309539829947,0.9765646571968044,80.55342334722168
2.8928928928928928,0.23982982977861667,0.016284432655104233,0.9844780772547083,81.05945599957091
2.9029029029029028,0.23999310426879555,0.01626400297899366,0.9672317405821867,79.9683763198146
2.9129129129129128,0.24015574118918628,0.016281039067430426,0.9768020077311625,80.56846129822026
2.9229229229229228,0.24031784206783197,0.016128207021169894,0.935605381790618,78.06032487324953
2.932932932932933,0.24047942471079128,0.016081142041547064,0.9781629611849082,80.65484928362177
2.942942942942943,0.24064037933971166,0.016113541129044357,0.9748683575993069,80.446189038278
2.952952952952953,0.24080080337585305,0.015976121822217408,0.9828141936162506,80.95223414112174
2.962962962962963,0.24096073947750718,0.015905224941878376,0.9654953271477473,79.86079938925874
2.972972972972973,0.24112006870055308,0.015949831214529114,0.975108402840556,80.46133862556746
2.982982982982983,0.24127888062466935,0.01582974919080748,0.9337859114784927,77.95338544703534
2.992992992992993,0.24143723731232108,0.015738582073445324,0.9764774732935474,80.54790166743972
3.003003003003003,0.2415950166262743,0.015792198757846595,0.9731707583478854,80.33928475945743
3.013013013013013,0.24175229723302535,0.015690216781047338,0.9811423629780579,80.84495219321629
3.023023023023023,0.24190915582098504,0.015582596555088804,0.9637659993499711,79.754033203834
3.033033033033033,0.24206547162162242,0.015642106946662477,0.9734136891182763,80.3545581595925
3.043043043043043,0.24222130997195365,0.015558084143708188,0.9320013693047831,77.84874933747304
3.053053053053053,0.24237675808868564,0.015437728827248594,0.974789999474462,80.44124553492723
3.063063063063063,0.24253169996812718,0.01550018538812214,0.9714741128547014,80.23284190280307
3.073073073073073,0.24268618583552534,0.01543330563392757,0.9794648852135864,80.73775130449283
3.083083083083083,0.242840310010064,0.01530360977201845,0.9620459436865955,79.64819808265004
3.093093093093093,0.24299396371543086,0.015366300818983651,0.9717201163218249,80.24825100853626
3.103103103103103,0.24314718088625162,0.01531526924219328,0.9302535413622077,77.7465001311394
3.113113113113113,0.24330006016496872,0.015179183508541224,0.9731027881135379,80.33501284897035
3.123123123123123,0.243452501733151,0.015239686485088645,0.9697806474442872,80.12698840874529
3.133133133133133,0.24360452262286247,0.01520289486089766,0.9777840426855274,80.63076925621796
3.143143143143143,0.24375622362846913,0.015062880900609107,0.9603367973442397,79.54337949509049
3.153153153153153,0.24390751504846744,0.015119108981010853,0.9700296385602083,80.14252806896121
3.163163163163163,0.2440583969270933,0.015094772337968401,0.9285428106120734,77.64663985625647
3.173173173173173,0.24420897059775473,0.014952806110148657,0.9714179059733054,80.2293223842449
3.183183183183183,0.2443591571794372,0.015003051749756892,0.968092258644429,80.02183009904105
3.193193193193193,0.24450894012721097,0.014989319018325894,0.9761018359621437,80.52412389512662
3.203203203203203,0.24465842020145226,0.014846920740077268,0.9586381013638247,79.43953428496401
3.2132132132132134,0.2448075296633482,0.014889896539599054,0.9683430665240004,80.03742773983375
3.2232232232232234,0.24495623621654805,0.014884937884560755,0.9268642640827699,77.5488633256005
3.2332332332332334,0.2451046393735088,0.01474321288476957,0.9697367053546981,80.12424681357047
3.2432432432432434,0.245252682515597,0.014778087369709153,0.9664095757341743,79.91739306618295
3.2532532532532534,0.24540031882483088,0.014780160336358358,0.9744191703080037,80.41786233074751
3.2632632632632634,0.24554764641118426,0.014639675079350763,0.9569528095177742,79.33682790996271
3.2732732732732734,0.2456946189707031,0.014666265492906757,0.9666628309140747,79.93308856088038
3.2832832832832834,0.2458411771882168,0.01467376154486443,0.9252224949392781,77.45342077225284
3.2932932932932935,0.24598741794411894,0.014534518530238561,0.9680612811000499,80.01990418168933
3.3033033033033035,0.2461333035754404,0.014553368044716937,0.9647350766725761,79.8138174994377
3.3133133133133135,0.24627876511924293,0.014564840676048782,0.9727385791432771,80.31213335694764
3.3233233233233235,0.2464238982822125,0.014426711590413333,0.9552835062340557,79.23540184743966
3.3333333333333335,0.2465686725356872,0.014438687171478212,0.9649912410718653,79.82963996526534
3.3433433433433435,0.2467130118476702,0.014452862651700885,0.923620893918386,77.36049160084083
3.3533533533533535,0.24685701098679358,0.014315649748959842,0.9663938155592497,79.91641659595292
3.3633633633633635,0.2470006451636987,0.014321890137433948,0.9630710978639838,79.71123333674656
3.3733733733733735,0.2471438335843654,0.014337662137471853,0.9710623561798404,80.20706876224247
3.3833833833833835,0.24728667043809485,0.01420113492463597,0.9536325271145095,79.1353813543087
3.3933933933933935,0.24742913532178162,0.014203003997229256,0.9633305168414554,79.72720449247802
3.4034034034034035,0.24757114474082853,0.014219413827557205,0.9220620496387545,77.2702083590705
3.4134134134134135,0.24771279272769176,0.014083334232629627,0.964736447751586,79.81390216520836
3.4234234234234235,0.2478540618948927,0.01408237074704022,0.9614198586210626,79.60976203210473
3.4334334334334335,0.2479948678977986,0.014098575640336305,0.9693927489832996,80.1027958074232
3.4434434434434436,0.24813530504465767,0.013962716376840628,0.9520020375839294,79.03688054196068
3.4534534534534536,0.24827535752625543,0.013960580382166961,0.9616828071566009,79.6258991347311
3.4634634634634636,0.24841494183411073,0.013975813050221966,0.9205480429738908,77.18267425260477
3.4734734734734736,0.24855415294731678,0.013839973575826944,0.9630912814578962,79.71247565254559
3.4834834834834836,0.2486929750916571,0.013838390014300291,0.9597834912288762,79.50951862152192
3.4934934934934936,0.24883132717620904,0.013851913453610578,0.9677319523674243,79.99943699101154
3.5035035035035036,0.24896930516653984,0.013715937551800358,0.9503940785111337,78.94000536113585
3.5135135135135136,0.24910689164425537,0.013716637216014916,0.9600502000401436,79.52583612523708
3.5235235235235236,0.24924400948443332,0.013727699278802467,0.9190806180082047,77.09797331068559
3.5335335335335336,0.24938075583923264,0.013591497878872535,0.9614603808691008,79.61224834812433
3.5435435435435436,0.2495171098089547,0.013596155173326909,0.9581640563748677,79.41061284940933
3.5535535535535536,0.2496529998318846,0.013603947642512977,0.9660821144205781,79.89711059809174
3.5635635635635636,0.24978852430071938,0.013467530037294268,0.9488105927736443,78.84485538151657
3.5735735735735736,0.2499236568238169,0.013477696163136816,0.958434727551089,79.42712339737052
3.5835835835835836,0.2500583331369569,0.013481322912352867,0.9176612846328345,77.01617648314127
3.5935935935935936,0.25019265275537866,0.013344839045551277,0.9598457676448914,79.51332802671632
3.6036036036036037,0.25032658160057353,0.013361868458735819,0.9565635515122166,79.31314983750167
3.6136136136136137,0.25046006466833604,0.013360326758158545,0.9644453379215865,79.79593094918494
3.6236236236236237,0.2505932022848522,0.01322412276021392,0.9472534403521531,78.75152484622936
3.6336336336336337,0.2507259502977386,0.01324909013354089,0.9568383677333631,79.32986484717645
3.6436436436436437,0.2508582652439355,0.013241268368863619,0.9162913797052917,76.9373452766155
3.6536536536536537,0.2509902475428717,0.013106147881411057,0.958249418040101,79.41581890561123
3.6636636636636637,0.2511218409644033,0.013139561515904525,0.9549839148758594,79.21723047166259
3.6736736736736737,0.25125301569102637,0.013124255664268034,0.9628236801636036,79.6960085417831
3.6836836836836837,0.25138387091872366,0.012991825839012639,0.9457244065891995,78.66010329321604
3.6936936936936937,0.2515143378221548,0.013033256386067926,0.9552630448083631,79.23416047882885
3.7037037037037037,0.25164440112694564,0.013009206704039296,0.9149721034674188,76.86153392332447
3.7137137137137137,0.25177415750267224,0.012881530161583844,0.956673260190439,79.319821607971
3.7237237237237237,0.25190352571282276,0.012929930538200095,0.9534270269526606,79.12295162167436
3.7337337337337337,0.25203250556561974,0.012895879214698532,0.9612191517593268,79.59745012186993
3.7437437437437437,0.2521611896245124,0.012775409848523569,0.9442252063923301,78.57067591793032
3.7537537537537538,0.2522894851604064,0.01282914518044463,0.9537106283596762,79.14010648065974
3.7637637637637638,0.252417407265075,0.012783915301241561,0.9137045411795668,76.78879067335548
3.7737737737737738,0.25254504251071325,0.012673412105703162,0.9551191715324563,79.22543312958284
3.7837837837837838,0.2526722883882326,0.012730301908654493,0.9518947104725668,79.03040626183859
3.793793793793794,0.2527991751172263,0.012672898019306027,0.9596337148882257,79.50035871482774
3.803803803803804,0.2529257810682295,0.01257530168943319,0.9427574860548994,78.48332378192862
3.813813813813814,0.2530519965096793,0.012632685717450739,0.9521829319614128,79.04779526029287
3.823823823823824,0.25317786625609895,0.012562416546960352,0.912489675944859,76.71915856419965
3.833833833833834,0.2533034579168145,0.012480686029245501,0.9535889763533105,79.13274680833801
3.843843843843844,0.2534286579849139,0.012535512707531943,0.9503887295644052,78.93968353304818
3.853853853853854,0.25355352493619754,0.012452137162079756,0.9580692812542747,79.40483363264242
3.863863863863864,0.2536781126821821,0.012389042469366307,0.9413228237007977,78.39812393002131
3.873873873873874,0.2538023083180388,0.012437979764329615,0.950681711523974,78.95731545601878
3.883883883883884,0.2539261826193645,0.012341878019901763,0.911328396303796,76.65267587907672
3.893893893893894,0.25404977245467314,0.012299744663236167,0.9520844434682855,79.04185229600142
3.903903903903904,0.25417297086776014,0.012339314432350944,0.9489107884632966,78.85086877064575
3.913913913913914,0.25429585911432784,0.012231686732549027,0.9565277099186879,79.31097046760739
3.923923923923924,0.2544184532317446,0.012212086252973146,0.9399227289585482,78.31514945357524
3.933933933933934,0.25454065856662145,0.012238824377069359,0.9492086635226474,78.86875193469955
3.943943943943944,0.25466256454375824,0.01212192086552599,0.9102215007441296,76.58937642059873
3.953953953953954,0.2547841621022207,0.012125301321752985,0.9506072840270404,78.95283553208468
3.963963963963964,0.2549053762926803,0.01213594708397254,0.9474625300032865,78.76404351264486
3.973973973973974,0.2550263018717984,0.012013332575272255,0.9550108051088984,79.21886107867182
3.983983983983984,0.25514689989769873,0.01203858256172446,0.9385586422286573,78.23446952251777
3.993993993993994,0.25526712361420806,0.012030301667743052,0.9477654232101207,78.7821857824242
4.004004004004004,0.2553870683296391,0.011908357317601915,0.9091697004108743,76.52928967551736
4.014014014014014,0.2555066640310874,0.011951099499147078,0.949159149450217,78.86577871974929
4.024024024024024,0.25562589763109844,0.011921745743116342,0.9460455340362087,78.67928549708355
4.034034034034034,0.25574485779454603,0.011809882759835582,0.9535203140655496,79.12859357412131
4.044044044044044,0.2558634512610702,0.011862020328487932,0.9372319337632681,78.15614939962401
4.054054054054054,0.25598169566263806,0.011810441158952559,0.9463535628743389,78.69769429168217
4.064064064064064,0.25609966767166725,0.011717260271518048,0.9081736207851898,76.47244091589756
4.074074074074074,0.2562172601597754,0.011770541829439263,0.9477416294988832,78.78076030376202
4.084084084084084,0.25633451757513886,0.01169693296615009,0.9446613158617762,78.59666865377596
4.094094094094094,0.2564514986481663,0.011629508226835651,0.9520579249671478,79.04025229287686
4.104104104104104,0.2565680931134058,0.011675932416616713,0.9359439026893996,78.08025044526305
4.114114114114114,0.25668436759873414,0.011582246262842813,0.9449745901793489,78.6153509473666
4.124124124124124,0.25680035623444825,0.01154540773529153,0.907233802792664,76.41885126393018
4.134134134134134,0.2569159577459118,0.011577593588035067,0.9463562504786585,78.69785495056112
4.1441441441441444,0.2570312555442408,0.01146800555682716,0.9433113247209151,78.5162630937015
4.1541541541541545,0.2571462517738787,0.01146352599623795,0.9506252649564513,78.95391778579987
4.1641641641641645,0.25726086771791523,0.011475144925136316,0.9346957760546851,78.00683011757619
4.1741741741741745,0.25737519739247156,0.01135658105853886,0.9436299466123991,78.53522541305148
4.1841841841841845,0.25748920282897286,0.011382264165915666,0.9063507036154446,76.3685377366946
4.1941941941941945,0.25760284291154983,0.011368537422473398,0.9450044735808774,78.61713353053688
4.2042042042042045,0.25771621200779893,0.011253766020201048,0.9419969423834655,78.43813509799749
4.2142142142142145,0.2578292329893406,0.01129993496319731,0.9492238982843262,78.86966679788846
4.2242242242242245,0.25794190906222064,0.011258199385111807,0.9334887079425589,77.9359419711124
4.2342342342342345,0.2580543219557509,0.011163108512945143,0.9423210060514248,78.4573835184641
4.2442442442442445,0.25816637118970803,0.011214874484918829,0.9055246973729167,76.32151328072567
4.2542542542542545,0.2582780969372477,0.011145218537329128,0.9436876933620533,78.53866310264023
4.2642642642642645,0.25838955883425646,0.011081734050760877,0.9407194818487726,78.3623471077847
4.2742742742742745,0.2585006506566116,0.011125591899414724,0.9478553245814578,78.78757225196519
4.2842842842842845,0.2586114411870973,0.011031563447609142,0.9323237786847354,77.86763565580847
4.2942942942942945,0.2587219577252598,0.011006399062598886,0.9410490734614414,78.38188724875225
4.3043043043043046,0.25883210761891495,0.011030959972413108,0.9047560757682124,76.27778680231101
4.314314314314315,0.25894197900687765,0.010920346987181612,0.9424072363630527,78.4625069014518
4.324324324324325,0.25905155579007794,0.010933686911651095,0.9394801861711588,78.28895771565125
4.334334334334335,0.2591607799204359,0.010930448863151665,0.9465209772638739,78.70770323423348
4.344344344344345,0.25926974706993405,0.010817536740860025,0.9312019941870084,77.80195691747821
4.354354354354355,0.25937839089076026,0.010860209967110061,0.9398153837250968,78.30879473597949
4.364364364364365,0.25948670566410315,0.010824405385555257,0.9040450487586954,76.23736319713964
4.374374374374375,0.2595947745788853,0.01073160537718698,0.9411643598686014,78.38872432684401
4.384384384384385,0.2597025003192615,0.010782858081658018,0.9382802274158821,78.21802165928978
4.394394394394395,0.25980992199842096,0.010714379989675029,0.9452222220768888,78.63012498202359
4.404404404404405,0.25991709632107185,0.010658229665322396,0.9301242853774452,77.73894760058715
4.414414414414415,0.26002391972871963,0.010699095279010421,0.9386211006098655,78.23816025313468
4.424424424424425,0.2601304641313855,0.01060350406894469,0.9033917452843541,76.20024338149328
4.434434434434435,0.26023674607366265,0.010591562107295933,0.9399602508071834,78.31737093636457
4.444444444444445,0.26034268233252333,0.010607306882073928,0.9371207057498786,78.14958981769715
4.454454454454455,0.2604483646273912,0.010496920786938315,0.9439603557794263,78.55489887392665
4.464464464464465,0.26055375481067405,0.010525986502548297,0.9290915077813569,77.67864565379901
4.474474474474475,0.2606588184062638,0.010507200012296878,0.937467315873214,78.1700342108969
4.484484484484485,0.260763645647387,0.0104067397285341,0.902796214073649,76.16642432633199
4.494494494494495,0.2608681504121394,0.010456486593389509,0.9387960247913653,78.24849844048113
4.504504504504505,0.2609723550979257,0.010400261264132814,0.9360026486680981,78.08370921016578
4.514514514514515,0.2610763251971415,0.010334869734410964,0.9427366049704198,78.48208242253105
4.524524524524525,0.2611799576700729,0.010379071469036391,0.9281044412249181,77.62108513863907
4.534534534534535,0.2612833165251511,0.01029027629311564,0.9363550485059258,78.10446315734818
4.544544544544545,0.2613864258085338,0.010272550137012192,0.9022584245376932,76.1358990950884
4.554554554554555,0.261489198555133,0.010291262564009498,0.9376727252976294,78.18215470080683
4.564564564564565,0.26159172411694276,0.010183916943630316,0.9349270103561276,78.02042299830474
4.574574574574575,0.2616939674951265,0.01021170790886955,0.9415521250573395,78.41172926990072
4.584584584584585,0.2617958926904738,0.010192648107982231,0.9271637896673608,77.56629624151901
4.594594594594595,0.26189758869976676,0.010096203959556349,0.9352852441126281,78.04148978077018
4.604604604604605,0.2619989683281121,0.01014547923940557,0.901778267758403,76.10865688567993
4.614614614614615,0.26210005796848745,0.010085511727295366,0.9365913229848057,78.11838373143175
4.624624624624625,0.26220091732510786,0.010029392952757028,0.933894671188073,77.9597704912346
4.634634634634635,0.2623014451111633,0.01006880414210246,0.9404079993666137,78.34388918594402
4.644644644644645,0.2624017112420676,0.00997554249957852,0.9262701811606021,77.51430528928681
4.654654654654655,0.26250172598157956,0.009971712227737557,0.9342587744283524,77.98115291566575
4.664664664664665,0.26260141408518295,0.009979103394811754,0.9013555575731589,76.08468307703346
4.674674674674675,0.26270086807471804,0.0098734669355197,0.9355527151494227,78.0572257034637
4.684684684684685,0.2628000305776265,0.009912882545645143,0.9329064373582496,77.90178715408712
4.694694694694695,0.2628988916011638,0.009877045944978485,0.9393052383951529,78.27860806980621
4.704704704704705,0.26299752961196693,0.009797924923562759,0.9254241679343604,77.46513476843324
4.714714714714715,0.26309584754542586,0.009844872169130563,0.9332764369693868,77.92348755211755
4.724724724724725,0.2631938947096015,0.009767414942723072,0.9009900317557843,76.06395928025752
4.734734734734735,0.2632917072586224,0.009740172912983179,0.9345577253163424,77.99871695288923
4.744744744744745,0.2633891943538225,0.009762732170609247,0.9319630406450445,77.84650461993326
4.754754754754755,0.26348644162818363,0.009660080366239637,0.9382447792013607,78.21592795438536
4.764764764764765,0.2635834190497376,0.009686017877425514,0.9246262266041904,77.41880334803895
4.774774774774775,0.26368008988231245,0.009665540991712645,0.9323389548159655,77.86852484856358
4.784784784784785,0.26377654123171473,0.00957642111135941,0.9006813532937571,76.0464633945675
4.794794794794795,0.2638726846079268,0.009624186230462023,0.9336071029623189,77.94288999183212
4.804804804804805,0.2639685546426464,0.009557466175748482,0.9310651383041149,77.79395070520371
4.814814814814815,0.2640641998510147,0.0095184205375825,0.9372274849339969,78.15588701408653
4.824824824824825,0.26415952526462894,0.009547360341897931,0.9238767584995543,77.37532590652744
4.834834834834835,0.2642546108489393,0.009448950723857397,0.9314469765246228,77.81629214808832
4.844844844844845,0.26434943953975076,0.00946774253907234,0.900429111758806,76.03216966791071
4.854854854854855,0.264443964037573,0.009453343188468655,0.9327015233701725,77.88977352330062
4.864864864864865,0.26453827356179843,0.009362786813650041,0.9302133130887229,77.74414942869784
4.874874874874875,0.2646322840399818,0.00940988835040022,0.936254144496659,78.09851957590095
4.884884884884885,0.2647260254846421,0.009346358268606997,0.9231760901088396,77.33471356226185
4.894894894894895,0.2648195483731896,0.00930684578217216,0.9306010761668877,77.76681299826511
4.904904904904905,0.26491275849895835,0.009335555803183038,0.9002328247696998,76.02104876230027
4.914914914914915,0.2650057354620557,0.009238491655076593,0.931841587610602,77.83939245946824
4.924924924924925,0.2650984602109294,0.00925935548986725,0.929408073393858,77.69712103421305
4.934934934934935,0.2651908891830046,0.009242067516142238,0.9353254723452847,78.0438561338799
4.944944944944945,0.26528310980601477,0.009156526283962298,0.9225244736376459,77.29697370799963
4.954954954954955,0.26537503559557185,0.00920309801342508,0.9298017534917661,77.72010717462628
4.964964964964965,0.26546670315048265,0.009134951814150987,0.9000919395432153,76.01306782369934
4.974974974974975,0.2655581549763418,0.009105763413154314,0.9310278226490598,77.79176794356592
4.984984984984985,0.2656493016367473,0.009127761011614628,0.9286498535211619,77.6528820168451
4.994994994994995,0.26574022789789514,0.009029702269802214,0.9344421084160119,77.99192336708134
5.005005005005005,0.26583089751863703,0.009060730325865442,0.9219220876770079,77.26211004920604
5.015015015015015,0.2659212857104481,0.009031672810966954,0.9290494342083391,77.6761907077722
5.025025025025025,0.2660114722622168,0.00895916452151546,0.9000058345313109,76.00819055639718
5.035035035035035,0.2661013645366402,0.009002705854615267,0.9302606815739626,77.74691737539389
5.045045045045045,0.2661910151736942,0.008923708956659738,0.9279390140611677,77.61144515297482
5.055055055055055,0.2662804466523092,0.008915223405345882,0.9336046181803193,77.94274416103656
5.065065065065065,0.26636958298088925,0.008922155290174375,0.9213690379775333,77.23012264620303
5.075075075075075,0.26645851450386293,0.008827365701239008,0.9283444703852098,77.63507591414809
5.085085085085085,0.26654717752722923,0.008869951279543781,0.8999738211404406,76.0063773016802
5.095095095095095,0.2666355794665383,0.008820819535509858,0.9295405439433134,77.70485444049577
5.105105105105105,0.266723781932798,0.008772939488118437,0.9272758423893669,77.57281953395615
5.115115115115115,0.2668116909569811,0.00880528391016785,0.9328134928240946,77.8963376327696
5.125125125125125,0.2668993801637415,0.008713998410794371,0.9208653583258477,77.20100796012143
5.135135135135135,0.266986835357388,0.008733784838228948,0.9276871409631098,77.59677143048822
5.145145145145145,0.2670740125633375,0.008715310569736078,0.8999951455297814,76.00758512064294
5.155155155155155,0.26716099659393905,0.008638472412244474,0.9288677162460087,77.66558914299554
5.165165165165165,0.2672476998554242,0.008682658667744805,0.9266605532722749,77.53701060348206
5.175175175175175,0.26733416752972283,0.008608773842670803,0.9320691495473515,77.85271915940764
5.185185185185185,0.2674204265729323,0.008598182226457066,0.9204110115192514,77.17475890259769
5.195195195195195,0.26750640013826593,0.008605522920542312,0.92707765237688,77.56128225191483
5.205205205205205,0.2675921774780038,0.00851409280574675,0.9000689904846201,76.01176788093994
5.215215215215215,0.26767769373136785,0.008556862140282201,0.9282424324740222,77.62912784208787
5.225225225225225,0.26776296065408695,0.00850428311473494,0.9260932895799731,77.50402019862969
5.235235235235235,0.2678480336954104,0.008466012092203214,0.9313719319807915,77.81190041038289
5.245245245245245,0.2679328222169905,0.008491939581245084,0.9200058904344968,77.15136488914264
5.255255255255255,0.2680174057162798,0.008399777956928811,0.9265161392831798,77.52860977367453
5.265265265265265,0.268101751390339,0.008430438614281157,0.900194477360993,76.01887634726575
5.275275275275275,0.26818583619265796,0.008398301350407603,0.9276648548019871,77.59547329216868
5.285285285285285,0.2682697345209868,0.008338789021941021,0.9255741231007032,77.47384659451026
5.295295295295295,0.2683533546438319,0.008375958715559143,0.930722110715765,77.7738893832357
5.305305305305305,0.2684367599988532,0.00829155654008462,0.9196498191869008,77.13081189611245
5.315315315315315,0.26851994811012675,0.008305392189098117,0.9260026653896747,77.4987518364567
5.325325325325325,0.2686028678582856,0.008290392814949931,0.9003706680976642,76.02885827532864
5.335335335335335,0.26868560400542263,0.008216798726786387,0.9271350743700348,77.56462468656729
5.345345345345345,0.26876807102151584,0.00825916446063043,0.925103055454217,77.44648455251506
5.355355355355355,0.2688503159017239,0.008184370188853514,0.9301198839433387,77.73869044298657
5.365365365365365,0.26893235761107653,0.008183040995018105,0.9193425543753562,77.113082521164
5.375375375375375,0.26901412838173544,0.008180987663539661,0.9255372243820799,77.47170277526028
5.385385385385385,0.26909571618374645,0.008099446219582642,0.9005965672913064,76.04165850908457
5.395395395395395,0.26917704458447766,0.00814294629472609,0.9266531121660543,77.53657770482693
5.405405405405405,0.2692581460015959,0.008076965197762749,0.9246800190992739,77.42192537205482
5.415415415415415,0.2693390537750157,0.008064091393500448,0.9295653781989417,77.70630436506542
5.425425425425425,0.26941969113741093,0.00807080839224833,0.9190837864095212,77.09815604710631
5.435435435435435,0.2695001456799777,0.00798570090073505,0.9251197409446822,77.44745347171933
5.445445445445445,0.26958034959266125,0.008028344484788317,0.9008711243305041,76.05721908096751
5.455455455455455,0.2696603242854189,0.007968923490139381,0.9262189200032558,77.51132456347825
5.465465465465465,0.2697401117718802,0.007948819891985374,0.9243048784316034,77.40015694573692
5.475475475475475,0.2698196311311112,0.007960537396168265,0.9290586492084748,77.67672838174865
5.485485485485485,0.26989896854501116,0.007874534176998401,0.9188731409146191,77.08600850900064
5.495495495495495,0.2699780620240637,0.007916023456439039,0.9247500718705274,77.42599140983029
5.505505505505505,0.27005692670610904,0.007860198153215493,0.9011932355845673,76.07547931486418
5.515515515515515,0.2701356084549212,0.007837273236866053,0.9258323815892465,77.48885407023204
5.525525525525525,0.2702140252509242,0.007850641622043077,0.9239774309680037,77.38116381787722
5.535535535535535,0.2702922623644001,0.007765267726251722,0.9285996828315602,77.64995623203973
5.545545545545545,0.2703702595460762,0.007806298257339445,0.9187101802101716,77.07661276440028
5.555555555555555,0.2704480310228496,0.007750854103414227,0.9244280072570787,77.40730073497228
5.565565565565565,0.27052562207750486,0.007729420364246553,0.9015617466423146,76.09637593155156
5.575575575575575,0.27060295186742994,0.007741294011548091,0.9254933136822179,77.46915168149658
5.585585585585585,0.27068010575371443,0.007657774874329235,0.9236974086126413,77.36492724624861
5.595595595595595,0.2707570209118188,0.007699162903904003,0.9281883960982643,77.62597821494137
5.605605605605605,0.2708337161081707,0.007640957815744057,0.9185944048583267,77.06993856656887
5.615615615615615,0.27091023152700244,0.007625214381255786,0.9241532717832074,77.39136231612389
5.625625625625625,0.27098648999900354,0.0076323553968892935,0.901975454596781,76.11984315634244
5.635635635635635,0.2710625774745748,0.007552503621295606,0.925201467330296,77.45219956312135
5.645645645645645,0.2711384250290341,0.007594294024414203,0.9234644790015286,77.35142526696131
5.655655655655655,0.271214060980731,0.007530594705746364,0.9278246383347841,77.60478124602402
5.665665665665665,0.2712895153429567,0.007524548524054358,0.9185252552776842,77.06595264053117
5.675675675675675,0.2713647183149439,0.007523405455172474,0.9239255260635943,77.37815381116619
5.685685685685685,0.27143975544631915,0.007450316873154485,0.9024331103706953,76.14581282863121
5.6956956956956954,0.2715145499765102,0.007491029036372571,0.9249565291901922,77.43797665427236
5.7057057057057055,0.2715891438360159,0.007420018278618476,0.9232782469207036,77.34063276232297
5.7157157157157155,0.2716635507860961,0.00742711677246801,0.9275081923743069,77.58634891721286
5.7257257257257255,0.27173771423547327,0.0074138375927010934,0.9185021134187211,77.06461876179895
5.7357357357357355,0.27181171590207337,0.007352172763405098,0.9237443680763563,77.36764973514403
5.7457457457457455,0.2718854722051883,0.007388345113393474,0.9029334210785939,76.17421451309669
5.7557557557557555,0.2719590412985804,0.00730996217711327,0.9247581229206081,77.42645873429632
5.7657657657657655,0.27203241316633386,0.007332217324282957,0.9231382557946194,77.33252153158857
5.7757757757757755,0.27210555332032355,0.007303060354185209,0.9272387758485486,77.57066155967188
5.7857857857857855,0.27217853286294763,0.007258695539873131,0.9185243044966277,77.06589783759685
5.7957957957957955,0.2722512660792064,0.007284893451713372,0.9236093346597714,77.35982153135011
5.8058058058058055,0.2723238273730281,0.007202747104527501,0.9034750524205112,76.20497561225682
5.8158158158158155,0.2723961755457683,0.007238565613679874,0.9246058106468046,77.41761849246505
5.8258258258258255,0.27246830904190006,0.007190877203067736,0.9230439892402414,77.32706036441786
5.8358358358358355,0.27254027800610536,0.007169715866394241,0.9270160425563522,77.55769630969847
5.8458458458458455,0.27261200381262485,0.00717917298936146,0.9185910987776492,77.06974799042537
5.8558558558558556,0.27268357007439187,0.007103883669531162,0.9235199030743414,77.35463764510222
5.865865865865866,0.2727549088334954,0.007144213382821731,0.904056631102487,76.2380214801128
5.875875875875876,0.27282605294121814,0.007078147307759229,0.9244990944919697,77.41142560045125
5.885885885885886,0.272897020907251,0.007083889261533297,0.9229948726829802,77.32421511691642
5.895895895895896,0.2729677557654605,0.0070699589002605305,0.9268395839047762,77.54742717748316
5.905905905905906,0.27303833716254616,0.007014387761163112,0.9187017134149202,77.0761246437747
5.915915915915916,0.27310868220556656,0.007046701796370399,0.9234754926259227,77.35206360005759
5.925925925925926,0.2731788550657452,0.006967882641635038,0.9046767472792225,76.2732755366066
5.935935935935936,0.27324882956562757,0.00699853323229964,0.9244374181715499,77.40784678739453
5.945945945945946,0.27331859099631084,0.006957133849217149,0.9229902750306385,77.32394879010222
5.955955955955956,0.27338819547380083,0.006932502704922344,0.9267089304188565,77.53982511861314
5.965965965965966,0.27345756373052554,0.006943609732626447,0.9188553143298207,77.08498060981117
5.975975975975976,0.2735267778924491,0.006870413588837196,0.9234754663461292,77.3520620769105
5.985985985985986,0.27359577108097,0.006909857416275102,0.9053339570138105,76.31065938262833
5.995995995995996,0.27366457793743026,0.006843103888556046,0.9244201686464069,77.40684591740738
6.006006006006006,0.2737332111590691,0.006854112776030101,0.9230295104011365,77.32622161062764
6.016016016016016,0.27380162106390743,0.0068336928509333825,0.926623553316101,77.53485810818941
6.026026026026026,0.2738698824034086,0.006788301061198444,0.9190510181350487,77.0962661788581
6.036036036036036,0.2739379123485565,0.006813796208823419,0.9235191327259441,77.35459299431703
6.046046046046046,0.2740057835856278,0.006736174824113843,0.9060267847496247,76.35009291530211
6.056056056056056,0.2740734503627971,0.006773242052697521,0.9244466778310709,77.40838406936568
6.066066066066066,0.27414092209034746,0.0067188443001658165,0.9231118399002504,77.33099111359917
6.076076076076076,0.2742082339932104,0.006714632950074948,0.9265828661414195,77.53249121739955
6.086086086086086,0.27427532066415417,0.006707689227030134,0.9192878940954142,77.10992921047556
6.096096096096096,0.27434226244450094,0.006651625779476048,0.9236057474988957,77.35961359188727
6.106106106106106,0.274408979781172,0.006683433174912038,0.9067537257896933,76.39149444331349
6.116116116116116,0.27447553524083057,0.006607318903243199,0.9245162243529367,77.41241961881575
6.126126126126126,0.2745418987378639,0.0066399504671684605,0.923236473445587,77.3382122273307
6.136136136136136,0.2746080641738425,0.006593091028488106,0.9265862264588487,77.53268669240475
6.146146146146146,0.27467407712911357,0.00658151800040405,0.9195649661224989,77.12591522595791
6.156156156156156,0.27473986705387593,0.006580302609943351,0.9237345154696482,77.36707851506993
6.166166166166166,0.27480551484718296,0.0065213276361435575,0.9075132487782818,76.43478080202243
6.176176176176176,0.2748709437296024,0.0065545361359615455,0.9246280353586434,77.41890832184266
6.186186186186186,0.274936212079424,0.006480096728030985,0.9234025716326735,77.3478373598481
6.196196196196196,0.27500129413607227,0.006511405300975355,0.9266329375958825,77.53540403537959
6.206206206206206,0.2750661809899612,0.006465605415822819,0.919881214799591,77.14416750207265
6.216216216216216,0.2751309184809,0.006455007155255465,0.9239045923842989,77.37693990176183
6.226226226226226,0.2751954372580385,0.00645228037696113,0.9083037981800187,76.47986746813098
6.236236236236236,0.27525981724067733,0.006396641938320535,0.9247812883637975,77.42780340072257
6.246246246246246,0.27532398117786816,0.006427702967643468,0.923609247639549,77.35981648697772
6.256256256256256,0.27538799115663365,0.006353622094659064,0.9267222504367885,77.54060008755528
6.266266266266266,0.2754518132184518,0.006387655583398593,0.9202355794327011,77.16462716583477
6.276276276276276,0.27551544888429913,0.006336512231914224,0.9241150868388065,77.3891474704825
6.286286286286286,0.27557893409160195,0.006334872251900286,0.9091237967515842,76.52666867369096
6.296296296296296,0.27564220724512023,0.006323408042484455,0.924975113142167,77.43905563119728
6.306306306306306,0.2757053447473951,0.0062779419015231075,0.9238555691661289,77.37409724185311
6.316316316316316,0.2757682674264834,0.006302069165470292,0.9268533652607043,77.54822911408573
6.326326326326326,0.2758310463692806,0.0062302921698389096,0.9206269601243017,77.18723329015896
6.336336336336336,0.27589363032617975,0.006267455822557036,0.9243650622214068,77.40364860992607
6.346346346346346,0.27595604264588547,0.006206315231961152,0.909971648001167,76.57509751923297
6.356356356356356,0.27601829705601655,0.0062202748130832245,0.9252085936506089,77.45261343119317
6.366366366366366,0.2760803508228535,0.00619276774021566,0.9241405604044295,77.39062500565525
6.376376376376376,0.27614226893744326,0.006166043520358562,0.9270254336211561,77.55824289059446
6.386386386386386,0.2762039750407825,0.006175486205682491,0.9210542198658876,77.21192299019717
6.396396396396396,0.2762655474970508,0.006114226225123854,0.9246535386856884,77.42038846973348
6.406406406406406,0.2763269165346612,0.0061480571131970665,0.9108457386309342,76.62506608583253
6.416416416416417,0.27638813446197535,0.006077439805215455,0.9254807699861185,77.46842295082826
6.426426426426427,0.27644917672855124,0.006108879167461808,0.9244632040360738,77.40934299942091
6.436436436436437,0.276510038880588,0.006059978780905362,0.9272375602627569,77.57059079121495
6.446446446446447,0.2765707572318257,0.00606036684996199,0.9215161866457623,77.23863152019754
6.456456456456457,0.27663127329988324,0.006045304206197949,0.9249794951505041,77.43931005231323
6.466466466466467,0.27669165983530447,0.006008218535699663,0.9117444409580485,76.67648554593578
6.476476476476477,0.2767518393395669,0.006025281475552018,0.9257906403711752,77.48642816352661
6.486486486486487,0.2768118865072709,0.005960746410537965,0.9248224432535154,77.43019237675671
6.496496496496497,0.2768717386687621,0.005995985363699294,0.9274888050718139,77.5852198779767
6.506506506506507,0.27693143938961856,0.005928265213744651,0.9220116555684424,77.26729237071457
6.516516516516517,0.2769909731217958,0.0059569120029735745,0.9253418713231412,77.46035430554534
6.526526526526527,0.2770503284682901,0.005910798922156399,0.9126661153099732,76.72926627280135
6.536536536536537,0.27710954469468835,0.005910359769091822,0.9261371631638249,77.5065709580817
6.546546546546547,0.2771685632024624,0.005895116774735968,0.9252171838014492,77.45311231729573
6.556556556556557,0.2772274555414094,0.0058608649105955654,0.9277781850568514,77.60207499136064
6.566566566566567,0.27728614545672553,0.005875118401755867,0.9225393909821958,77.29783736601625
6.576576576576577,0.2773447079698676,0.005814689387585904,0.9257395697424332,77.48346021621603
6.586586586586587,0.27740307724347896,0.005847687111175041,0.9136091123896072,76.78331794841068
6.596596596596597,0.2774613044376047,0.0057793584397153866,0.9265192588891964,77.52879123152076
6.606606606606607,0.2775193607192967,0.0058121661974398315,0.9256462960347931,77.47804012073715
6.616616616616617,0.27757725086604207,0.005758764533420104,0.928104676355571,77.62109884187028
6.626626626626627,0.2776349981809454,0.005769883462547975,0.9230981286115295,77.33019676155332
6.636636636636637,0.27769255821395467,0.005742212674147654,0.9261714578381154,77.50856490402485
6.646646646646647,0.2777499920610387,0.005723721579167824,0.9145717756072291,76.83854966977654
6.656656656656657,0.2778072290804967,0.005723935554246712,0.9269358122886984,77.5530269826017
6.666666666666667,0.27786434492332146,0.005677731976453226,0.9261086169901922,77.50491130133267
6.676676676676677,0.2779212657457205,0.00570077439363778,0.928467216264844,77.6422321024625
6.686686686686687,0.2779780594575807,0.005636789978314689,0.9236865776911938,77.36429934134607
6.696696696696697,0.27803467061236375,0.0056713894297356245,0.926636370003494,77.5356037160315
6.706706706706707,0.27809113847419087,0.005606288971418142,0.9155524433756053,76.8948700535746
6.716716716716717,0.27814744620095405,0.005635898192281226,0.9273856743840478,77.5792144058223
6.726726726726727,0.27820358894744485,0.005586252196392645,0.9266029524676954,77.5336596826835
6.736736736736737,0.2782595951445547,0.005595551606341134,0.9288647052901361,77.66541350168748
6.746746746746747,0.27831541885128197,0.005568510851352622,0.9243034230989933,77.40007251519454
6.756756756756757,0.27837112018317695,0.005552445808117339,0.9271331096781943,77.56451032141756
6.766766766766767,0.27842663068552503,0.005549500976376553,0.916549451366029,76.95218733908386
6.776776776776777,0.278482024157891,0.005509267604581444,0.9278676645527232,77.6072879858052
6.786786786786787,0.27853722702375816,0.00552708920603558,0.9271280791198754,77.56421749273923
6.796796796796797,0.2785923100046717,0.00546907155388288,0.9292960092112776,77.69057991740178
6.806806806806807,0.278647210533465,0.005500273878678323,0.9249473274847491,77.43744241561905
6.816816816816817,0.2787019807480199,0.005435086689384875,0.9276604514381366,77.5952168064451
6.826826826826827,0.2787565839701909,0.005468941691693504,0.9175611347238279,77.01040948950036
6.836836836836837,0.27881103985910805,0.005410145208541516,0.9283805726122522,77.63718059195256
6.846846846846847,0.2788653501715287,0.005433653142515622,0.9276827465457398,77.59651545890618
6.856856856856857,0.2789194951958795,0.005390117670932924,0.9297599611613397,77.71766647092625
6.866866866866867,0.27897351205097304,0.005395454891107981,0.9256169333932007,77.47633399447759
6.876876876876877,0.27902735098529463,0.005370997517198407,0.9282171430903738,77.62765376953962
6.886886886886887,0.279081072591691,0.005355717227176279,0.9185858302426022,77.06944429171062
6.896896896896897,0.2791346099682959,0.005350874790697392,0.9289231609106724,77.66882357328689
6.906906906906907,0.2791880348402531,0.005315994873583987,0.9282656793871229,77.63048290319344
6.916916916916917,0.27924127495054174,0.005328591215637372,0.9302553637159494,77.74660662154872
6.926926926926927,0.27929440190036875,0.005277909406403785,0.9263108653792126,77.51667111924279
6.936936936936937,0.2793473487966901,0.0053035789260762805,0.9288019077706555,77.66175041643771
6.946946946946947,0.27940017692666624,0.005243051621756884,0.9196218784984669,77.12919945474862
6.956956956956957,0.2794528344247252,0.005275720321146424,0.9294941664213157,77.70214685342661
6.966966966966967,0.27950536311855456,0.0052129022301754925,0.9288755794260618,77.66604783738033
6.976976976976977,0.2795577348003636,0.005245227446819588,0.9307809909903433,77.77733226127378
6.986986986986987,0.27960996399089666,0.005188466378751849,0.9270277321144506,77.55837666897249
6.996996996996997,0.2796620529315704,0.005212539355532225,0.9294134460420258,77.69743465537076
7.007007007007007,0.27971398555752897,0.005166860367750709,0.9206676259468933,77.18958270723554
7.017017017017017,0.2797657918632114,0.005178235946755264,0.9300923028400544,77.73707902566636
7.027027027027027,0.2798174314575278,0.005146036454752091,0.9295111276818482,77.70313705820234
7.037037037037037,0.279868954671866,0.005142966843864152,0.9313355907422352,77.80977380977805
7.047047047047047,0.2799203045669606,0.005125035303021062,0.9277661284854632,77.6013726300599
7.057057057057057,0.27997154446081696,0.00510739391569931,0.9300504379937844,77.7346331923234
7.067067067067067,0.2800226077931734,0.005103245645111084,0.9217214269869725,77.25050189423781
7.077077077077077,0.28007356435523145,0.0050721461046313865,0.9307162626842768,77.77354744818713
7.087087087087087,0.2801243440704575,0.005080324951152911,0.930170986507835,77.74167624264165
7.097097097097097,0.280175017497545,0.005037785276867941,0.9319178864787643,77.84386030953759
7.107107107107107,0.28022551635590237,0.005056132441416333,0.9285246376841595,77.64558019192535
7.117117117117117,0.28027590704305294,0.005004781865085341,0.9307115453406051,77.77327162643537
7.127127127127127,0.28032612762543974,0.005030673232256902,0.9227816460004807,77.31186507412541
7.137137137137137,0.2803762361557165,0.0049734991280802315,0.9313647193935738,77.8114783394862
7.147147147147147,0.28042618087008203,0.005004052459441138,0.9308538016883522,77.78159004343608
7.157157157157157,0.2804760080041819,0.00494418490710122,0.9325265795665802,77.87951952114928
7.167167167167167,0.28052567909235576,0.004976438278012086,0.929301833293253,77.69091984289284
7.177177177177177,0.28057522575801536,0.0049169698137885385,0.9313954135228066,77.81327454569904
7.187187187187187,0.2806246253029302,0.004948032693417248,0.9238466593763369,77.3735806162129
7.197197197197197,0.2806738925868247,0.004891868180814552,0.9320363294328071,77.85079687414765
7.207207207207207,0.28072302251743736,0.004919049234529074,0.9315582045379185,77.82280218501948
7.217217217217217,0.2807720122996944,0.004868045760586819,0.9331603513449621,77.9166780189279
7.227227227227227,0.28082087375348375,0.004889696535430821,0.9300962813706743,77.73731146660882
7.237237237237237,0.28086958837011505,0.004844628306343848,0.9321006738097863,77.85456562316438
7.247247247247247,0.28091818202784935,0.004860166949411604,0.924914857534054,77.4355573001369
7.257257257257257,0.2809666236945188,0.004821344462855448,0.9327297343997099,77.89142727917965
7.267267267267267,0.28101495035387375,0.004830629375548357,0.9322828140058397,77.8652355601896
7.277277277277277,0.2810631211738144,0.004798014236133465,0.9338178652430351,77.95526128692275
7.287287287287287,0.28111118173902694,0.004801225535575191,0.9309065425386985,77.78467443945138
7.297297297297297,0.2811590837112272,0.004774526225069158,0.9328259454105048,77.89706771398147
7.307307307307307,0.2812068791826658,0.004772068996388747,0.9259846469637435,77.49770441816777
7.317317317317317,0.28125451421030395,0.004750819138566614,0.9334435631404089,77.93329293122049
7.327327327327327,0.2813020456739757,0.0047432462916947625,0.9330262387913097,77.9088123278989
7.337337337337337,0.2813494155730831,0.004726866974323495,0.9344977689024982,77.99519381554333
7.347347347347347,0.28139668419010105,0.004714819554795624,0.9317311740858156,77.83292772953146
7.357357357357357,0.2814437906984328,0.004702667294280427,0.9335698375956554,77.9407029536704
7.367367367367367,0.28149079769446606,0.00468683013352557,0.9270544523041542,77.55993188188086
7.377377377377377,0.2815376424805623,0.004678232091133688,0.9341764338775752,77.97631645500181
7.387387387387387,0.2815843891352922,0.004659302717808747,0.9337870794750956,77.95345401266172
7.397397397397397,0.28163097380770846,0.004653580799992986,0.9351986963097955,78.03639919912224
7.407407407407407,0.2816774614443161,0.004632249570214258,0.9325687320914046,77.88198999801367
7.4174174174174174,0.281723787561006,0.004628735069563105,0.9343309518385512,77.98539285814851
7.4274274274274275,0.2817700175357149,0.004605674510335605,0.9281227184835024,77.62215033482266
7.4374374374374375,0.2818160866135454,0.004603714967861864,0.9349269563575713,78.0204198235591
7.4474474474474475,0.281862060305246,0.004579576364729876,0.934563930676707,77.99908160621473
7.4574574574574575,0.28190787382962734,0.004578536358615522,0.9359192699418876,78.0788002347781
7.4674674674674675,0.2819535926296082,0.004553951655511951,0.9334177735852941,77.93177970360591
7.4774774774774775,0.2819991520642198,0.004553209246201688,0.9351078839829753,78.03105842613235
7.4874874874874875,0.2820446173660313,0.00452879636267978,0.9291879129513123,77.68427127300723
7.4974974974974975,0.28208992416262507,0.004527736948997111,0.935693734024442,78.0655244607889
7.5075075075075075,0.28213513735210244,0.0045041066575233985,0.9353553832461947,78.04561567211228
7.5175175175175175,0.2821801929603634,0.004502116023713551,0.9366581029323722,78.12231902309236
7.5275275275275275,0.28222515540583404,0.004479878567449097,0.9342768587563967,77.98221521121948
7.5375375375375375,0.28226996128328036,0.004476336926268428,0.9358992264476652,78.07762024462244
7.5475475475475475,0.2823146743259812,0.004456106595811153,0.9302485280308824,77.74620717517638
7.5575575575575575,0.28235923194788154,0.00445038545847213,0.9364753662296836,78.11155134701038
7.5675675675675675,0.28240369689261213,0.004432781384268744,0.9361600265023717,78.09297645410348
7.5775775775775776,0.2824480077619003,0.004424245113759375,0.9374138012650034,78.16687707115265
7.587587587587588,0.28249222586793626,0.004409886569465575,0.9351445532253948,78.03321490583339
7.597597597597598,0.2825362915251016,0.0043979004998236084,0.9367035704784761,78.12499859827497
7.607607607607608,0.2825802639973928,0.004387395050657202,0.9313030834211654,77.80787164471403
7.617617617617618,0.28262408603032235,0.004371342081106971,0.9372704504877977,78.1584211282756
7.627627627627628,0.2826678140109986,0.0043652649502354665,0.9369764505287247,78.14108398910686
7.637637637637638,0.2827113940647484,0.00434457254963232,0.9381849660038087,78.21239539864291
7.647647647647648,0.28275487862495774,0.0043434356148942975,0.9360194303969783,78.08469731266419
7.657657657657658,0.28279821841142766,0.004317615198766506,0.9375195084588913,78.17311358344745
7.667667667667668,0.2828414605435278,0.004321824071490345,0.932350128873519,77.86917956491767
7.677677677677678,0.28288456185101407,0.004290524741075638,0.9380775847874937,78.20605423016838
7.687687687687688,0.2829275624611388,0.004300322418457632,0.9378032485385385,78.1898582256348
7.697697697697698,0.28297042716373766,0.004263401078564815,0.9389701955691085,78.2587946476811
7.707707707707708,0.2830131870647606,0.004278796701011212,0.9369000739053233,78.1365812246289
7.717717717717718,0.2830558171315936,0.004236406601126553,0.9383456362894013,78.22188522771162
7.727727727727728,0.2830983370365083,0.004257087886149182,0.9333882470598341,77.93004726880153
7.737737737737738,0.28314073454074123,0.004209787657228236,0.9388953699673424,78.25437097677724
7.747747747747748,0.283183015056478,0.004235015621880938,0.9386390193185307,78.23921914840008
7.757757757757758,0.2832251817729753,0.00418424293844146,0.93976808806867,78.30599519711775
7.767767767767768,0.2832672238058,0.004212385533994908,0.9377850801629392,78.18878583789026
7.777777777777778,0.28330916065030715,0.004160682228251302,0.9391805558430165,78.27123361544419
7.787787787787788,0.2833509659698976,0.004189000883076182,0.9344160566352242,77.99039272381475
7.797797797797798,0.2833926736938549,0.004139081933151792,0.939722412162328,78.30329171540775
7.807807807807808,0.2834342442419364,0.004164679474451614,0.9394823697562976,78.28908690959511
7.817817817817818,0.2834757234503099,0.004119280891160409,0.9405772436923548,78.3539172819526
7.827827827827828,0.2835170613264482,0.004139276784163167,0.9386730610163037,78.24123089589268
7.837837837837838,0.2835583124730808,0.0041010016202996215,0.9400228775007008,78.32107901989994
7.847847847847848,0.28359941994311194,0.004112716335085152,0.9354322154778122,78.05013573062793
7.857857857857858,0.283640443326623,0.004083854614797426,0.9405573253232793,78.35273694732894
7.867867867867868,0.28368132283067415,0.004085028428777388,0.9403319174512068,78.33938196702142
7.877877877877878,0.2837221185909243,0.004067349883662079,0.941396267175093,78.40248111834549
7.887887887887888,0.28376277275098727,0.004056398410640029,0.9395626465024804,78.29383684172748
7.897897897897898,0.2838033408661251,0.004050916951740601,0.9408712227629619,78.37134204173891
7.907907907907908,0.28384377249314713,0.004027225718495451,0.9364354240632148,78.10919813361681
7.917917917917918,0.28388411277725456,0.004033934616227177,0.9413987338048809,78.40262746448002
7.927927927927928,0.28392432487770586,0.0039981950376558025,0.9411862933993259,78.390025228691
7.937937937937938,0.2839644369790583,0.0040157718248911125,0.9422237703294493,78.45160703447239
7.947947947947948,0.28400443275891857,0.003970362885100745,0.9404524876875907,78.34652497789092
7.957957957957958,0.28404431616089637,0.003995841116148493,0.941724226926159,78.42194375350499
7.967967967967968,0.28408409696933906,0.003946592647527836,0.9374244288990168,78.16750403872872
7.977977977977978,0.28412375305168586,0.003973666135399966,0.942245275009951,78.45288449159604
7.987987987987988,0.2841633183535146,0.003927710588257794,0.9420441447324912,78.4409382029068
7.997997997997998,0.2842027504248653,0.003948964816855853,0.943058374641738,78.5012156070609
8.008008008008009,0.284242099489154,0.003912266097315345,0.9413412595536135,78.39921763160834
8.018018018018019,0.2842813111033529,0.0039217498953446565,0.9425805418007673,78.47280584888654
8.028028028028029,0.2843204430041317,0.0038986938399243574,0.9383980259132448,78.22498003245919
8.038038038038039,0.2843594379644732,0.0038924484883229313,0.9430956020678605,78.50342983259962
8.048048048048049,0.28439835158212945,0.0038853970117066735,0.9429041374797331,78.49204315209043
8.058058058058059,0.2844371339448238,0.0038620425645710305,0.9438987139181702,78.55122780297768
8.068068068068069,0.2844758279682328,0.0038708507893459787,0.942227663882878,78.45183832284818
8.078078078078079,0.2845144020450519,0.003832232192699462,0.9434388384379911,78.52385079490801
8.088088088088089,0.28455287497445336,0.003853727915521097,0.9393550636597296,78.28155539374202
8.098098098098099,0.2845912441246285,0.0038064918807442566,0.9439483865148894,78.55418601949633
8.108108108108109,0.28462949548514777,0.0038330484343600253,0.9437649593065797,78.5432632478523
8.118118118118119,0.28466765845638403,0.0037886077116705986,0.9447434369577714,78.60156512465896
8.128128128128129,0.2847056924622992,0.003808355671629898,0.9431104320746673,78.5043119312242
8.138138138138139,0.28474364734058466,0.003775808918510296,0.9442978098199468,78.57500198451937
8.148148148148149,0.28478146895062995,0.0037799206323108694,0.940294446181436,78.33716228911538
8.158158158158159,0.2848192136161904,0.003764920830442244,0.9448023209347914,78.60507646141608
8.168168168168169,0.2848568280825107,0.0037489770670514036,0.9446253221777103,78.59452272414879
8.178178178178179,0.284894360215781,0.0037530565769687083,0.9455912102196392,78.65214975759734
8.188188188188189,0.28493177308262824,0.0037179895384136423,0.9439883278161392,78.55656485718012
8.198198198198199,0.2849690901710605,0.003737843386307384,0.9451561734601694,78.62618388649302
8.208208208208209,0.28500630589178394,0.0036919175904634445,0.9412151353654302,78.3917359409632
8.218218218218219,0.28504340661809713,0.0037176839575520752,0.9456561215104778,78.65602559095501
8.228228228228229,0.28508042315933213,0.003676126339567241,0.9454839648809912,78.64574702489695
8.238238238238239,0.28511731280225733,0.003692055445516167,0.9464407204432452,78.70290471754868
8.248248248248249,0.28515412708674354,0.003666103018255342,0.9448601495242979,78.60852517246894
8.258258258258259,0.285190812082792,0.0036618486782841685,0.9460126738564518,78.6773221892119
8.268268268268269,0.28522742083473057,0.00365693289582917,0.9421161526347945,78.44521475917833
8.278278278278279,0.2852639079370304,0.0036297503089983245,0.9465085304341345,78.7069590047222
8.288288288288289,0.2853003076924487,0.0036446027501528303,0.9463396553505571,78.69686294230733
8.298298298298299,0.2853366034817801,0.0036010558026519446,0.9472906771749546,78.75375399474453
8.308308308308309,0.2853727910821678,0.0036263843598032496,0.945724732478965,78.6601227550398
8.318318318318319,0.28540889437319045,0.0035846944234789262,0.9468660847386559,78.72834393491546
8.328328328328329,0.285444874563468,0.0036012665151743724,0.9429965798574996,78.49754042853176
8.338338338338339,0.28548078121785975,0.003576129158231173,0.9473583181246976,78.75780359503547
8.348348348348349,0.28551656183690655,0.003570438546986646,0.9471911927313962,78.74779874245452
8.358358358358359,0.2855522675334141,0.0035683549273433615,0.9481398151513917,78.80462269220581
8.368368368368369,0.28558785674710424,0.0035378284541472804,0.9465809505795371,78.71128940415014
8.378378378378379,0.2856233569958051,0.003556018445613971,0.9477152110619032,78.77917764137106
8.388388388388389,0.2856587611285901,0.0035120382607605333,0.9438555594063541,78.54865794717523
8.398398398398399,0.2856940534427294,0.003535968508577309,0.9482042852085248,78.80848767007099
8.408408408408409,0.2857292687161,0.0035006035376561303,0.9480374091415843,78.79848427534795
8.418418418418419,0.28576436087636087,0.0035078674603733306,0.9489868964934973,78.8554371553911
8.428428428428429,0.2857993820423957,0.0034946151629345295,0.9474274888896236,78.76194523303845
8.438438438438439,0.28583428346533385,0.003474867229142065,0.9485587677802773,78.82974603454832
8.448448448448449,0.2858691051248882,0.0034858476973212518,0.9446917200594612,78.5984814324782
8.458458458458459,0.2859038251507478,0.003444672062593459,0.949045195799643,78.85893695220615
8.468468468468469,0.2859384421670697,0.003469019835711284,0.9488770357753509,78.84884294549678
8.478478478478479,0.285972979532911,0.003430663290862229,0.9498305853198137,78.9061174354872
8.488488488488489,0.28600739755981913,0.0034425643146885326,0.9482620581611069,78.8119514960461
8.498498498498499,0.28604174604720184,0.003425591972706915,0.9493949399675414,78.8799395827756
8.508508508508509,0.2860759758817643,0.003409473462393342,0.9455012308487227,78.64677776132953
8.518518518518519,0.28611012914852013,0.003418480333901875,0.9498795068327277,78.90905828479248
8.528528528528529,0.28614418157841387,0.0033784859744086767,0.9497082151084341,78.89876234989393
8.538538538538539,0.2861781335007004,0.00340238330316726,0.9506690062076091,78.95655066128971
8.548548548548549,0.28621200749145986,0.0033653483466423934,0.9490840365343428,78.86126880462007
8.558558558558559,0.28624576397581203,0.0033753513704494003,0.9502227386087533,78.92969782670272
8.568568568568569,0.28627945232364094,0.0033616106134517904,0.9462846389818741,78.69357440876787
8.578578578578579,0.2863130256522958,0.003341481287207309,0.950706041545382,78.95878004312327
8.588588588588589,0.2863465210679661,0.0033542754996975337,0.9505300072126727,78.94818468603943
8.598598598598599,0.2863799221846023,0.0033131225864608295,0.9515011811419201,79.00667742180657
8.608608608608609,0.28641321894607813,0.003335917590291446,0.9498926811413584,78.90985028046605
8.618618618618619,0.2864464435380048,0.0033048099971737994,0.9510411649090544,78.97895937762281
8.62862862862863,0.28647955140488285,0.003305877728781839,0.9470420513838677,78.73887272626644
8.63863863863864,0.2865125913003416,0.0033020705420262163,0.9515237297606747,79.00803662482048
8.64864864864865,0.2865455241117634,0.0032715585984878534,0.9513414639002633,78.99705132964931
8.65865865865866,0.28657837110333234,0.003291532149636916,0.9523260364068259,79.05643218857146
8.66866866866867,0.28661113539988003,0.0032521774404790007,0.9506871947285799,78.95764552171607
8.67867867867868,0.28664378882191033,0.003267503217793205,0.9518492309826567,79.02766316069655
8.68868868868869,0.2866763759599461,0.0032495779135365745,0.947773317020895,78.78265871171293
8.6986986986987,0.28670885056741635,0.0032334412811196923,0.9523315332611544,79.05676398747413
8.70870870870871,0.2867412514597977,0.003244570295043968,0.9521416405593819,79.04530354621022
8.71871871871872,0.28677356076670907,0.0032047289038149842,0.9531425231448066,79.1057505595993
8.72872872872873,0.28680576826485316,0.0032263168045107466,0.9514667676678465,79.00460311873302
8.73873873873874,0.28683790706533063,0.0031991066190120423,0.9526459721496348,79.07574916284133
8.74874874874875,0.28686993299091973,0.0031944720731527584,0.9484781601575687,78.82491092130417
8.75875875875876,0.2869018913078117,0.0031973171190226163,0.9531284537435307,79.10490014272874
8.76876876876877,0.2869337523113986,0.0031611255072295083,0.9529296124739031,79.09288348059751
8.77877877877878,0.2869655204143109,0.003183499925166014,0.9539496160731905,79.15456919016039
8.78878878878879,0.28699721650539356,0.0031514319883642655,0.9522306017490281,79.05067209161905
8.7987987987988,0.28702880156666216,0.0031539320233137037,0.9534304541870942,79.12315888291755
8.80880880880881,0.2870603218800191,0.0031512740408790106,0.9491562537331483,78.86560484548158
8.81881881881882,0.2870917421942322,0.0031190471899872558,0.9539135324357992,79.15238515115176
8.82882882882883,0.28712307597494274,0.0031402145383082466,0.9537044834451279,79.13973469023118
8.83883883883884,0.2871543357445082,0.003106432734737539,0.9547463203046325,79.20282621565137
8.84884884884885,0.28718548659926446,0.003111950670858023,0.9529779238609402,79.09580272907807
8.85885885885886,0.28721657410045215,0.003107175023859887,0.9542017776421912,79.16983560890327
8.86886886886887,0.2872475618138644,0.0030765883168956255,0.9498072614387417,78.90471543544942
8.87887887887888,0.28727846547051306,0.003097139293286551,0.95468585054239,79.19916116854046
8.88888888888889,0.2873092956268949,0.003063817679302426,0.9544653909519455,79.18580247400084
8.8988988988989,0.2873400183503936,0.0030687140611798205,0.9555316748107865,79.25046147565875
8.90890890890891,0.28737067843347164,0.0030652075162300534,0.9537079937252035,79.1399470748892
8.91891891891892,0.28740124148661184,0.0030333819464364547,0.9549590803819415,79.21572459155807
8.92892892892893,0.2874317191349267,0.0030543545940895744,0.9504308613108368,78.94221853505299
8.93893893893894,0.2874621262857776,0.003023559942348243,0.9554445295170884,79.2451724833275
8.94894894894895,0.28749242696919247,0.003024195047049071,0.9552115091374715,79.23103407304215
8.95895895895896,0.28752266483497,0.003025132283847795,0.9563047547054404,79.29741666948263
8.96896896896897,0.28755281093696533,0.0029903081009845494,0.954420108143321,79.1830592076059
8.97897897897898,0.28758286690248086,0.00301134737916471,0.955701539067509,79.26077315521424
8.98898898898899,0.2876128571601868,0.0029858568429490064,0.9510267586469074,78.97809167865782
8.998998998999,0.28764274251833943,0.00297825362682212,0.9561887312425146,79.2903655496817
9.00900900900901,0.28767256280747505,0.002986197504773563,0.9559420504987344,79.27537879527299
9.01901901901902,0.2877022987969675,0.0029495317690159386,0.9570646726964072,79.34363546359681
9.02902902902903,0.287731938497706,0.002967108384613045,0.955113603194235,79.2250953986023
9.03903903903904,0.287761517119394,0.002950636183287818,0.956428369961965,79.30493076984442
9.04904904904905,0.28779099509480865,0.0029311577439539408,0.9515946927677051,79.01231452239985
9.05905905905906,0.2878204015578222,0.00294694565435347,0.9569176581069082,79.33468901556706
9.06906906906907,0.28784973311963025,0.002913019181318239,0.9566562667890948,79.31878809382995
9.07907907907908,0.2878789636221179,0.0029204985212765654,0.9578105800085519,79.38906356890867
9.08908908908909,0.2879081346918821,0.00291683394158169,0.9557878552342488,79.26601419892974
9.0990990990991,0.28793721486244894,0.0028849273109897836,0.9571388293206411,79.34814909906424
9.10910910910911,0.28796621025290775,0.0029052167399539618,0.9521344402850718,79.04486906614538
9.11911911911912,0.28799514161601397,0.002881161729411827,0.9576305529894823,79.37809374626633
9.12912912912913,0.2880239722319531,0.0028712666884393463,0.9573534494421978,79.36121561764341
9.13913913913914,0.28805273839249207,0.0028818745706863497,0.95854166695346,79.43364879809599
9.14914914914915,0.288081426696759,0.0028470401323005146,0.9564422812064539,79.30577648502667
9.15915915915916,0.28811001836567646,0.0028588582532536213,0.9578322135178405,79.39038203307462
9.16916916916917,0.28813855205552585,0.0028516227238853404,0.95264581643206,79.07573975842821
9.17917917917918,0.2881669948761027,0.002822327772976804,0.9583266991684692,79.4205328440539
9.18918918918919,0.2881953571379217,0.0028419929947610862,0.9580329297046829,79.40261724516152
9.1991991991992,0.2882236557960515,0.0028181119614268052,0.9592571632573542,79.47734110953301
9.20920920920921,0.2882518560999506,0.002807860682803426,0.9570763385621447,79.34434548116788
9.21921921921922,0.28827999275151867,0.0028192409429766492,0.9585078590059384,79.4315857121288
9.22922922922923,0.2883080546364096,0.002785926273987612,0.9531286753586906,79.10491353797131
9.23923923923924,0.28833602073709225,0.002794246892734529,0.9590054201661968,79.46196166471078
9.24924924924925,0.28836392985081316,0.0027916091034992,0.9586940785915532,79.44295110787776
9.25925925925926,0.28839175399594646,0.002759464409318969,0.9599563382196835,79.52009264195813
9.26926926926927,0.2884194931165539,0.0027779699300733915,0.9576895249719095,79.38168676914026
9.27927927927928,0.2884471734558825,0.00276128018365296,0.9591651421671499,79.47171854396487
9.28928928928929,0.28847476043903175,0.002741278812472915,0.9535829099073294,79.13237984232472
9.2992992992993,0.2885022779040437,0.00275797650702744,0.9596660795438275,79.50233783148546
9.30930930930931,0.2885297288976448,0.002730718403459044,0.9593363067323042,79.48217760758307
9.31931931931932,0.2885570842677047,0.0027260438523482576,0.9606385007494234,79.56185774254055
9.32932932932933,0.28858438006407106,0.0027346183847006063,0.9582813779295404,79.41776829116742
9.33933933933934,0.2886116017546691,0.002702081077698551,0.9598034790945109,79.51074121724253
9.34934934934935,0.2886387310112704,0.0027103895072358285,0.9540084511494391,79.15813060036034
9.35935935935936,0.28866580480249016,0.002708911097643409,0.9603080806554485,79.54162124692003
9.36936936936937,0.2886927977924454,0.0026768792770394383,0.9599590641479904,79.52025942959726
9.37937937937938,0.288719705554138,0.002693145577587566,0.9613029993105194,79.60259299006668
9.38938938938939,0.28874655751160766,0.0026820367009007195,0.9588514743046971,79.4525603493124
9.3993993993994,0.2887733229058192,0.002655835517214611,0.9604223253243759,79.5486167121658
9.40940940940941,0.28880001296956936,0.002674084550827182,0.9544052678291733,79.18216021724334
9.41941941941942,0.2888266437185228,0.002655041361931956,0.9609308663687686,79.57977410281848
9.42942942942943,0.28885318409620114,0.0026377076405707666,0.9605618399812803,79.55716155314977
9.43943943943944,0.2888796584736877,0.002653475872837631,0.9619492217970727,79.64225721430786
9.44944944944945,0.28890606903731386,0.0026286832910116967,0.95939942987311,79.48603560293922
9.45945945945946,0.2889323881606723,0.0026199952690916816,0.9610211755328466,79.58531030887828
9.46946946946947,0.28895864738332555,0.002631793041305574,0.9547733657805861,79.20446555582299
9.47947947947948,0.2889848391256281,0.002603391192906455,0.9615339187567717,79.61676088846401
9.48948948948949,0.2890109401856504,0.0026019863259753003,0.9611441621914479,79.59285125946467
9.4994994994995,0.2890369850782283,0.0026095366040755352,0.962576595351698,79.68081151222125
9.50950950950951,0.2890629596461771,0.002579298129257122,0.9599248988363216,79.51816906482586
9.51951951951952,0.2890888453318258,0.002583403376481239,0.9615995632024624,79.62078959385379
9.52952952952953,0.2891146769680672,0.0025871408619524546,0.9551127873423693,79.22504591581252
9.53953953953954,0.28914043623357755,0.002556320404625943,0.9621167587627537,79.65254839706353
9.54954954954955,0.2891661088159618,0.0025641978351809195,0.9617055972194586,79.62729813770889
9.55955955955956,0.28919172846465846,0.002564936807537824,0.9631845861358894,79.71821926133366
9.56956956956957,0.28921727446691675,0.0025342558285560758,0.960427573333732,79.5489380959524
9.57957957957958,0.2892427358880886,0.0025444219877689828,0.9621570602620347,79.65502446430295
9.58958958958959,0.2892681449597174,0.0025431485793219835,0.9554236107715629,79.24390301079201
9.5995995995996,0.28929347984835946,0.002512880460797647,0.9626789458398934,79.68710573034119
9.60960960960961,0.28931873181400763,0.0025241504659926006,0.9622457496245446,79.66047408872798
9.61961961961962,0.2893439318084141,0.002521905472124231,0.9637726990578958,79.75444613048401
9.62962962962963,0.28936905778804234,0.002492027715668022,0.9609071829452741,79.57832239873194
9.63963963963964,0.28939410186331704,0.002503436152963193,0.9626932767002727,79.68798713046934
9.64964964964965,0.289419094318927,0.0025012563203003864,0.9557059496484476,79.26104094253017
9.65965965965966,0.2894440135954395,0.002471638483755544,0.9632200775652063,79.72040430109956
9.66966966966967,0.28946885130310346,0.0024822902770523657,0.9627642616928465,79.69235332644594
9.67967967967968,0.2894936377481212,0.0024811778577996995,0.9643404774617355,79.78946008796261
9.68968968968969,0.28951835247730623,0.0024517757234143694,0.9613634941806348,79.60630400830877
9.6996996996997,0.2895429853973708,0.002460681244983633,0.9632078601527769,79.71965211564735
9.70970970970971,0.2895675673034053,0.002461573457908926,0.9559599522616332,79.27646617193314
9.71971971971972,0.2895920795422374,0.0024326017796769267,0.9637397892275676,79.75241783359095
9.72972972972973,0.2896165094122021,0.0024385515671515954,0.9632608130165039,79.72291237668747
9.73973973973974,0.2896408881507436,0.0024422634642333367,0.9648875027796455,79.823231407031
9.74974974974975,0.28966519981179967,0.0024143215031548985,0.9617963099510941,79.6328672815629
9.75975975975976,0.2896894286265737,0.002415857039640775,0.9637004954615684,79.74999625371173
9.76976976976977,0.28971360542872426,0.002422973141772222,0.9561858009637453,79.29018748603349
9.77977977977978,0.28973771823811806,0.002397099064615326,0.9642377533890495,79.78312236148604
9.78978978978979,0.2897617483486568,0.002392637166176076,0.9637351200430208,79.75213007326163
9.7997997997998,0.28978572426849997,0.002403329101409883,0.9654133941494399,79.85573266874093
9.80980980980981,0.2898096397277153,0.002380961191070991,0.9622054690198598,79.65799888345295
9.81981981981982,0.28983347393736475,0.00236913062805284,0.964170904206672,79.77899868399663
9.82982982982983,0.28985724981933786,0.002382879881259039,0.9563837114894925,79.30221596052397
9.83983983983984,0.2898809691713176,0.002365704384588199,0.9647136794189227,79.81249622327125
9.84984984984985,0.2899046108288103,0.002345954439271244,0.9641869355938893,79.77998755110735
9.85985985985986,0.28992818727942243,0.0023611612024911368,0.9659178079980956,79.88693876197802
9.86986986986987,0.2899517114792531,0.002350828524192169,0.9625908454283119,79.6816877704448
9.87987987987988,0.2899751631658587,0.0023252241891991193,0.9646188442087648,79.80664084332112
9.88988988988989,0.28999854193147045,0.0023378312538986363,0.9565539322316785,79.31256491760175
9.8998998998999,0.2900218716219765,0.0023355240923808676,0.9651673129998777,79.84052005489872
9.90990990990991,0.29004513428284256,0.002308450463780872,0.9646160483522894,79.80646823636845
9.91991991991992,0.2900683191826204,0.0023129061964442333,0.9664004375923805,79.91682688062834
9.92992992992993,0.29009145467516395,0.0023187451090005066,0.9629523478960318,79.70392517079219
9.93993993993994,0.29011452886831957,0.0022948996458918122,0.9650441090031533,79.83290645505713
9.94994994994995,0.2901375246079624,0.002287130914884368,0.9566967434719555,79.32124987896601
9.95995995995996,0.2901604658687162,0.002299404694738883,0.9655984356063649,79.8671767795604
9.96996996996997,0.2901833517533983,0.0022830739654659377,0.9650222823201478,79.83155783328762
9.97997997997998,0.2902061639070992,0.0022625983207251402,0.9668610125576944,79.9453765177895
9.98998998998999,0.2902289106389154,0.002276735022107533,0.9632899191935129,79.72470456153812
10.0,0.29025160165118113,0.0022645462109607234,0.9654465272849354,79.8577815151117
